Arguments: 
  /usr/local/share/nvm/versions/node/v20.12.1/bin/node /usr/share/yarn/bin/yarn.js add posprocessing@6,37.1

PATH: 
  /opt/git/bin:/usr/local/rvm/gems/ruby-3.2.3/bin:/usr/local/rvm/gems/ruby-3.2.3@global/bin:/usr/local/rvm/rubies/ruby-3.2.3/bin:/vscode/1.89.1.24130/bin/remote-cli:/opt/conda/condabin:/home/codespace/.dotnet:/home/codespace/nvm/current/bin:/home/codespace/.php/current/bin:/home/codespace/.python/current/bin:/home/codespace/java/current/bin:/home/codespace/.ruby/current/bin:/home/codespace/.local/bin:/usr/local/python/current/bin:/usr/local/py-utils/bin:/usr/local/oryx:/usr/local/go/bin:/go/bin:/usr/local/sdkman/bin:/usr/local/sdkman/candidates/java/current/bin:/usr/local/sdkman/candidates/gradle/current/bin:/usr/local/sdkman/candidates/maven/current/bin:/usr/local/sdkman/candidates/ant/current/bin:/usr/local/rvm/gems/default/bin:/usr/local/rvm/gems/default@global/bin:/usr/local/rvm/rubies/default/bin:/usr/local/share/rbenv/bin:/usr/local/php/current/bin:/opt/conda/bin:/usr/local/nvs:/usr/local/share/nvm/versions/node/v20.12.1/bin:/usr/local/hugo/bin:/usr/local/sbin:/usr/local/bin:/usr/sbin:/usr/bin:/sbin:/bin:/usr/share/dotnet:/root/.dotnet/tools:/usr/local/rvm/bin:/root/.local/bin

Yarn version: 
  1.22.19

Node version: 
  20.12.1

Platform: 
  linux x64

Trace: 
  Error: https://registry.yarnpkg.com/posprocessing: Not found
      at params.callback [as _callback] (/usr/share/yarn/lib/cli.js:66145:18)
      at self.callback (/usr/share/yarn/lib/cli.js:140890:22)
      at Request.emit (node:events:518:28)
      at Request.<anonymous> (/usr/share/yarn/lib/cli.js:141862:10)
      at Request.emit (node:events:518:28)
      at IncomingMessage.<anonymous> (/usr/share/yarn/lib/cli.js:141784:12)
      at Object.onceWrapper (node:events:632:28)
      at IncomingMessage.emit (node:events:530:35)
      at endReadableNT (node:internal/streams/readable:1696:12)
      at process.processTicksAndRejections (node:internal/process/task_queues:82:21)

npm manifest: 
  {
    "name": "javascript",
    "version": "1.0.0",
    "description": "The JavaScript template",
    "scripts": {
      "start": "parcel ./src/index.html",
      "build": "parcel build ./src/index.html"
    },
    "devDependencies": {
      "babel-eslint": "^10.1.0",
      "eslint": "^7.2.0",
      "parcel": "^2.0.0"
    },
    "keywords": [
      "css",
      "javascript"
    ],
    "dependencies": {
      "ammo.js": "^0.0.10",
      "postprocessing": "^6.37.1",
      "three": "^0.174.0"
    }
  }

yarn manifest: 
  No manifest

Lockfile: 
  # THIS IS AN AUTOGENERATED FILE. DO NOT EDIT THIS FILE DIRECTLY.
  # yarn lockfile v1
  
  
  "@babel/code-frame@7.12.11":
    version "7.12.11"
    resolved "https://registry.npmjs.org/@babel/code-frame/-/code-frame-7.12.11.tgz"
    integrity sha512-Zt1yodBx1UcyiePMSkWnU4hPqhwq7hGi2nFL1LeA3EUl+q2LQx16MISgJ0+z7dnmgvP9QtIleuETGOiOH1RcIw==
    dependencies:
      "@babel/highlight" "^7.10.4"
  
  "@babel/code-frame@^7.0.0", "@babel/code-frame@^7.26.2":
    version "7.26.2"
    resolved "https://registry.npmjs.org/@babel/code-frame/-/code-frame-7.26.2.tgz"
    integrity sha512-RJlIHRueQgwWitWgF8OdFYGZX328Ax5BCemNGlqHfplnRT9ESi8JkFlvaVYbS+UubVY6dpv87Fs2u5M29iNFVQ==
    dependencies:
      "@babel/helper-validator-identifier" "^7.25.9"
      js-tokens "^4.0.0"
      picocolors "^1.0.0"
  
  "@babel/generator@^7.26.10":
    version "7.26.10"
    resolved "https://registry.npmjs.org/@babel/generator/-/generator-7.26.10.tgz"
    integrity sha512-rRHT8siFIXQrAYOYqZQVsAr8vJ+cBNqcVAY6m5V8/4QqzaPl+zDBe6cLEPRDuNOUf3ww8RfJVlOyQMoSI+5Ang==
    dependencies:
      "@babel/parser" "^7.26.10"
      "@babel/types" "^7.26.10"
      "@jridgewell/gen-mapping" "^0.3.5"
      "@jridgewell/trace-mapping" "^0.3.25"
      jsesc "^3.0.2"
  
  "@babel/helper-string-parser@^7.25.9":
    version "7.25.9"
    resolved "https://registry.npmjs.org/@babel/helper-string-parser/-/helper-string-parser-7.25.9.tgz"
    integrity sha512-4A/SCr/2KLd5jrtOMFzaKjVtAei3+2r/NChoBNoZ3EyP/+GlhoaEGoWOZUmFmoITP7zOJyHIMm+DYRd8o3PvHA==
  
  "@babel/helper-validator-identifier@^7.25.9":
    version "7.25.9"
    resolved "https://registry.npmjs.org/@babel/helper-validator-identifier/-/helper-validator-identifier-7.25.9.tgz"
    integrity sha512-Ed61U6XJc3CVRfkERJWDz4dJwKe7iLmmJsbOGu9wSloNSFttHV0I8g6UAgb7qnK5ly5bGLPd4oXZlxCdANBOWQ==
  
  "@babel/highlight@^7.10.4":
    version "7.25.9"
    resolved "https://registry.npmjs.org/@babel/highlight/-/highlight-7.25.9.tgz"
    integrity sha512-llL88JShoCsth8fF8R4SJnIn+WLvR6ccFxu1H3FlMhDontdcmZWf2HgIZ7AIqV3Xcck1idlohrN4EUBQz6klbw==
    dependencies:
      "@babel/helper-validator-identifier" "^7.25.9"
      chalk "^2.4.2"
      js-tokens "^4.0.0"
      picocolors "^1.0.0"
  
  "@babel/parser@^7.26.10", "@babel/parser@^7.26.9", "@babel/parser@^7.7.0":
    version "7.26.10"
    resolved "https://registry.npmjs.org/@babel/parser/-/parser-7.26.10.tgz"
    integrity sha512-6aQR2zGE/QFi8JpDLjUZEPYOs7+mhKXm86VaKFiLP35JQwQb6bwUE+XbvkH0EptsYhbNBSUGaUBLKqxH1xSgsA==
    dependencies:
      "@babel/types" "^7.26.10"
  
  "@babel/template@^7.26.9":
    version "7.26.9"
    resolved "https://registry.npmjs.org/@babel/template/-/template-7.26.9.tgz"
    integrity sha512-qyRplbeIpNZhmzOysF/wFMuP9sctmh2cFzRAZOn1YapxBsE1i9bJIY586R/WBLfLcmcBlM8ROBiQURnnNy+zfA==
    dependencies:
      "@babel/code-frame" "^7.26.2"
      "@babel/parser" "^7.26.9"
      "@babel/types" "^7.26.9"
  
  "@babel/traverse@^7.7.0":
    version "7.26.10"
    resolved "https://registry.npmjs.org/@babel/traverse/-/traverse-7.26.10.tgz"
    integrity sha512-k8NuDrxr0WrPH5Aupqb2LCVURP/S0vBEn5mK6iH+GIYob66U5EtoZvcdudR2jQ4cmTwhEwW1DLB+Yyas9zjF6A==
    dependencies:
      "@babel/code-frame" "^7.26.2"
      "@babel/generator" "^7.26.10"
      "@babel/parser" "^7.26.10"
      "@babel/template" "^7.26.9"
      "@babel/types" "^7.26.10"
      debug "^4.3.1"
      globals "^11.1.0"
  
  "@babel/types@^7.26.10", "@babel/types@^7.26.9", "@babel/types@^7.7.0":
    version "7.26.10"
    resolved "https://registry.npmjs.org/@babel/types/-/types-7.26.10.tgz"
    integrity sha512-emqcG3vHrpxUKTrxcblR36dcrcoRDvKmnL/dCL6ZsHaShW80qxCAcNhzQZrpeM765VzEos+xOi4s+r4IXzTwdQ==
    dependencies:
      "@babel/helper-string-parser" "^7.25.9"
      "@babel/helper-validator-identifier" "^7.25.9"
  
  "@eslint/eslintrc@^0.4.3":
    version "0.4.3"
    resolved "https://registry.npmjs.org/@eslint/eslintrc/-/eslintrc-0.4.3.tgz"
    integrity sha512-J6KFFz5QCYUJq3pf0mjEcCJVERbzv71PUIDczuh9JkwGEzced6CO5ADLHB1rbf/+oPBtoPfMYNOpGDzCANlbXw==
    dependencies:
      ajv "^6.12.4"
      debug "^4.1.1"
      espree "^7.3.0"
      globals "^13.9.0"
      ignore "^4.0.6"
      import-fresh "^3.2.1"
      js-yaml "^3.13.1"
      minimatch "^3.0.4"
      strip-json-comments "^3.1.1"
  
  "@humanwhocodes/config-array@^0.5.0":
    version "0.5.0"
    resolved "https://registry.npmjs.org/@humanwhocodes/config-array/-/config-array-0.5.0.tgz"
    integrity sha512-FagtKFz74XrTl7y6HCzQpwDfXP0yhxe9lHLD1UZxjvZIcbyRz8zTFF/yYNfSfzU414eDwZ1SrO0Qvtyf+wFMQg==
    dependencies:
      "@humanwhocodes/object-schema" "^1.2.0"
      debug "^4.1.1"
      minimatch "^3.0.4"
  
  "@humanwhocodes/object-schema@^1.2.0":
    version "1.2.1"
    resolved "https://registry.npmjs.org/@humanwhocodes/object-schema/-/object-schema-1.2.1.tgz"
    integrity sha512-ZnQMnLV4e7hDlUvw8H+U8ASL02SS2Gn6+9Ac3wGGLIe7+je2AeAOxPY+izIPJDfFDb7eDjev0Us8MO1iFRN8hA==
  
  "@jridgewell/gen-mapping@^0.3.5":
    version "0.3.8"
    resolved "https://registry.npmjs.org/@jridgewell/gen-mapping/-/gen-mapping-0.3.8.tgz"
    integrity sha512-imAbBGkb+ebQyxKgzv5Hu2nmROxoDOXHh80evxdoXNOrvAnVx7zimzc1Oo5h9RlfV4vPXaE2iM5pOFbvOCClWA==
    dependencies:
      "@jridgewell/set-array" "^1.2.1"
      "@jridgewell/sourcemap-codec" "^1.4.10"
      "@jridgewell/trace-mapping" "^0.3.24"
  
  "@jridgewell/resolve-uri@^3.1.0":
    version "3.1.2"
    resolved "https://registry.npmjs.org/@jridgewell/resolve-uri/-/resolve-uri-3.1.2.tgz"
    integrity sha512-bRISgCIjP20/tbWSPWMEi54QVPRZExkuD9lJL+UIxUKtwVJA8wW1Trb1jMs1RFXo1CBTNZ/5hpC9QvmKWdopKw==
  
  "@jridgewell/set-array@^1.2.1":
    version "1.2.1"
    resolved "https://registry.npmjs.org/@jridgewell/set-array/-/set-array-1.2.1.tgz"
    integrity sha512-R8gLRTZeyp03ymzP/6Lil/28tGeGEzhx1q2k703KGWRAI1VdvPIXdG70VJc2pAMw3NA6JKL5hhFu1sJX0Mnn/A==
  
  "@jridgewell/sourcemap-codec@^1.4.10", "@jridgewell/sourcemap-codec@^1.4.14":
    version "1.5.0"
    resolved "https://registry.npmjs.org/@jridgewell/sourcemap-codec/-/sourcemap-codec-1.5.0.tgz"
    integrity sha512-gv3ZRaISU3fjPAgNsriBRqGWQL6quFx04YMPW/zD8XMLsU32mhCCbfbO6KZFLjvYpCZ8zyDEgqsgf+PwPaM7GQ==
  
  "@jridgewell/trace-mapping@^0.3.24", "@jridgewell/trace-mapping@^0.3.25":
    version "0.3.25"
    resolved "https://registry.npmjs.org/@jridgewell/trace-mapping/-/trace-mapping-0.3.25.tgz"
    integrity sha512-vNk6aEwybGtawWmy/PzwnGDOjCkLWSD2wqvjGGAgOAwCGWySYXfYoxt00IJkTF+8Lb57DwOb3Aa0o9CApepiYQ==
    dependencies:
      "@jridgewell/resolve-uri" "^3.1.0"
      "@jridgewell/sourcemap-codec" "^1.4.14"
  
  "@lezer/common@^1.0.0":
    version "1.2.3"
    resolved "https://registry.npmjs.org/@lezer/common/-/common-1.2.3.tgz"
    integrity sha512-w7ojc8ejBqr2REPsWxJjrMFsA/ysDCFICn8zEOR9mrqzOu2amhITYuLD8ag6XZf0CFXDrhKqw7+tW8cX66NaDA==
  
  "@lezer/lr@^1.0.0":
    version "1.4.2"
    resolved "https://registry.npmjs.org/@lezer/lr/-/lr-1.4.2.tgz"
    integrity sha512-pu0K1jCIdnQ12aWNaAVU5bzi7Bd1w54J3ECgANPmYLtQKP0HBj2cE/5coBD66MT10xbtIuUr7tg0Shbsvk0mDA==
    dependencies:
      "@lezer/common" "^1.0.0"
  
  "@lmdb/lmdb-darwin-arm64@2.8.5":
    version "2.8.5"
    resolved "https://registry.yarnpkg.com/@lmdb/lmdb-darwin-arm64/-/lmdb-darwin-arm64-2.8.5.tgz#895d8cb16a9d709ce5fedd8b60022903b875e08e"
    integrity sha512-KPDeVScZgA1oq0CiPBcOa3kHIqU+pTOwRFDIhxvmf8CTNvqdZQYp5cCKW0bUk69VygB2PuTiINFWbY78aR2pQw==
  
  "@lmdb/lmdb-darwin-x64@2.8.5":
    version "2.8.5"
    resolved "https://registry.yarnpkg.com/@lmdb/lmdb-darwin-x64/-/lmdb-darwin-x64-2.8.5.tgz#ca243534c8b37d5516c557e4624256d18dd63184"
    integrity sha512-w/sLhN4T7MW1nB3R/U8WK5BgQLz904wh+/SmA2jD8NnF7BLLoUgflCNxOeSPOWp8geP6nP/+VjWzZVip7rZ1ug==
  
  "@lmdb/lmdb-linux-arm64@2.8.5":
    version "2.8.5"
    resolved "https://registry.yarnpkg.com/@lmdb/lmdb-linux-arm64/-/lmdb-linux-arm64-2.8.5.tgz#b44a8023057e21512eefb9f6120096843b531c1e"
    integrity sha512-vtbZRHH5UDlL01TT5jB576Zox3+hdyogvpcbvVJlmU5PdL3c5V7cj1EODdh1CHPksRl+cws/58ugEHi8bcj4Ww==
  
  "@lmdb/lmdb-linux-arm@2.8.5":
    version "2.8.5"
    resolved "https://registry.yarnpkg.com/@lmdb/lmdb-linux-arm/-/lmdb-linux-arm-2.8.5.tgz#17bd54740779c3e4324e78e8f747c21416a84b3d"
    integrity sha512-c0TGMbm2M55pwTDIfkDLB6BpIsgxV4PjYck2HiOX+cy/JWiBXz32lYbarPqejKs9Flm7YVAKSILUducU9g2RVg==
  
  "@lmdb/lmdb-linux-x64@2.8.5":
    version "2.8.5"
    resolved "https://registry.npmjs.org/@lmdb/lmdb-linux-x64/-/lmdb-linux-x64-2.8.5.tgz"
    integrity sha512-Xkc8IUx9aEhP0zvgeKy7IQ3ReX2N8N1L0WPcQwnZweWmOuKfwpS3GRIYqLtK5za/w3E60zhFfNdS+3pBZPytqQ==
  
  "@lmdb/lmdb-win32-x64@2.8.5":
    version "2.8.5"
    resolved "https://registry.yarnpkg.com/@lmdb/lmdb-win32-x64/-/lmdb-win32-x64-2.8.5.tgz#8233e8762440b0f4632c47a09b1b6f23de8b934c"
    integrity sha512-4wvrf5BgnR8RpogHhtpCPJMKBmvyZPhhUtEwMJbXh0ni2BucpfF07jlmyM11zRqQ2XIq6PbC2j7W7UCCcm1rRQ==
  
  "@mischnic/json-sourcemap@^0.1.0":
    version "0.1.1"
    resolved "https://registry.npmjs.org/@mischnic/json-sourcemap/-/json-sourcemap-0.1.1.tgz"
    integrity sha512-iA7+tyVqfrATAIsIRWQG+a7ZLLD0VaOCKV2Wd/v4mqIU3J9c4jx9p7S0nw1XH3gJCKNBOOwACOPYYSUu9pgT+w==
    dependencies:
      "@lezer/common" "^1.0.0"
      "@lezer/lr" "^1.0.0"
      json5 "^2.2.1"
  
  "@msgpackr-extract/msgpackr-extract-darwin-arm64@3.0.3":
    version "3.0.3"
    resolved "https://registry.yarnpkg.com/@msgpackr-extract/msgpackr-extract-darwin-arm64/-/msgpackr-extract-darwin-arm64-3.0.3.tgz#9edec61b22c3082018a79f6d1c30289ddf3d9d11"
    integrity sha512-QZHtlVgbAdy2zAqNA9Gu1UpIuI8Xvsd1v8ic6B2pZmeFnFcMWiPLfWXh7TVw4eGEZ/C9TH281KwhVoeQUKbyjw==
  
  "@msgpackr-extract/msgpackr-extract-darwin-x64@3.0.3":
    version "3.0.3"
    resolved "https://registry.yarnpkg.com/@msgpackr-extract/msgpackr-extract-darwin-x64/-/msgpackr-extract-darwin-x64-3.0.3.tgz#33677a275204898ad8acbf62734fc4dc0b6a4855"
    integrity sha512-mdzd3AVzYKuUmiWOQ8GNhl64/IoFGol569zNRdkLReh6LRLHOXxU4U8eq0JwaD8iFHdVGqSy4IjFL4reoWCDFw==
  
  "@msgpackr-extract/msgpackr-extract-linux-arm64@3.0.3":
    version "3.0.3"
    resolved "https://registry.yarnpkg.com/@msgpackr-extract/msgpackr-extract-linux-arm64/-/msgpackr-extract-linux-arm64-3.0.3.tgz#19edf7cdc2e7063ee328403c1d895a86dd28f4bb"
    integrity sha512-YxQL+ax0XqBJDZiKimS2XQaf+2wDGVa1enVRGzEvLLVFeqa5kx2bWbtcSXgsxjQB7nRqqIGFIcLteF/sHeVtQg==
  
  "@msgpackr-extract/msgpackr-extract-linux-arm@3.0.3":
    version "3.0.3"
    resolved "https://registry.yarnpkg.com/@msgpackr-extract/msgpackr-extract-linux-arm/-/msgpackr-extract-linux-arm-3.0.3.tgz#94fb0543ba2e28766c3fc439cabbe0440ae70159"
    integrity sha512-fg0uy/dG/nZEXfYilKoRe7yALaNmHoYeIoJuJ7KJ+YyU2bvY8vPv27f7UKhGRpY6euFYqEVhxCFZgAUNQBM3nw==
  
  "@msgpackr-extract/msgpackr-extract-linux-x64@3.0.3":
    version "3.0.3"
    resolved "https://registry.npmjs.org/@msgpackr-extract/msgpackr-extract-linux-x64/-/msgpackr-extract-linux-x64-3.0.3.tgz"
    integrity sha512-cvwNfbP07pKUfq1uH+S6KJ7dT9K8WOE4ZiAcsrSes+UY55E/0jLYc+vq+DO7jlmqRb5zAggExKm0H7O/CBaesg==
  
  "@msgpackr-extract/msgpackr-extract-win32-x64@3.0.3":
    version "3.0.3"
    resolved "https://registry.yarnpkg.com/@msgpackr-extract/msgpackr-extract-win32-x64/-/msgpackr-extract-win32-x64-3.0.3.tgz#0aa5502d547b57abfc4ac492de68e2006e417242"
    integrity sha512-x0fWaQtYp4E6sktbsdAqnehxDgEc/VwM7uLsRCYWaiGu0ykYdZPiS8zCWdnjHwyiumousxfBm4SO31eXqwEZhQ==
  
  "@parcel/bundler-default@2.14.1":
    version "2.14.1"
    resolved "https://registry.npmjs.org/@parcel/bundler-default/-/bundler-default-2.14.1.tgz"
    integrity sha512-xFS97cO9TdQgNf1M7N1c5M8Z/kWiIC91ufwabnRWFt5NTaT6NCXusOKcqw/kpJOBKgZcO1kjNvQ95HE3EG85rw==
    dependencies:
      "@parcel/diagnostic" "2.14.1"
      "@parcel/graph" "3.4.1"
      "@parcel/plugin" "2.14.1"
      "@parcel/rust" "2.14.1"
      "@parcel/utils" "2.14.1"
      nullthrows "^1.1.1"
  
  "@parcel/cache@2.14.1":
    version "2.14.1"
    resolved "https://registry.npmjs.org/@parcel/cache/-/cache-2.14.1.tgz"
    integrity sha512-oFJfIK6QfxY35XYsDaOyFWH3eKEbzU4CXTsUVAkpH1PbX0DTko3eZ4D+xWapRRaAQIMfL+xfUWmsL4njYCQqZQ==
    dependencies:
      "@parcel/fs" "2.14.1"
      "@parcel/logger" "2.14.1"
      "@parcel/utils" "2.14.1"
      lmdb "2.8.5"
  
  "@parcel/codeframe@2.14.1":
    version "2.14.1"
    resolved "https://registry.npmjs.org/@parcel/codeframe/-/codeframe-2.14.1.tgz"
    integrity sha512-n5IdtgxuukSTJ5/fq/69S5Rm9KBSg/dhpE4oRkyUEtkgEwTLpG2c6rmYtWem1yGIc80Z4BRvP9vgmYAEHHXSwA==
    dependencies:
      chalk "^4.1.2"
  
  "@parcel/compressor-raw@2.14.1":
    version "2.14.1"
    resolved "https://registry.npmjs.org/@parcel/compressor-raw/-/compressor-raw-2.14.1.tgz"
    integrity sha512-lo/MJIOaEhjhgC3H0eMvqWpd1J2CxTErIl7T4MIIwzgNBdXHJe39ErkiJYaelh/q15uQVnc5dXx3VSu/YgWDXg==
    dependencies:
      "@parcel/plugin" "2.14.1"
  
  "@parcel/config-default@2.14.1":
    version "2.14.1"
    resolved "https://registry.npmjs.org/@parcel/config-default/-/config-default-2.14.1.tgz"
    integrity sha512-rM+SqYmgzrg59XH8c41fC6lggFWRYm1tQ/NvrLB4QuKzLqh2RSLa8rNkuR7bDGo1Bq7ore0WjjFDv87MXsWJkg==
    dependencies:
      "@parcel/bundler-default" "2.14.1"
      "@parcel/compressor-raw" "2.14.1"
      "@parcel/namer-default" "2.14.1"
      "@parcel/optimizer-css" "2.14.1"
      "@parcel/optimizer-htmlnano" "2.14.1"
      "@parcel/optimizer-image" "2.14.1"
      "@parcel/optimizer-svgo" "2.14.1"
      "@parcel/optimizer-swc" "2.14.1"
      "@parcel/packager-css" "2.14.1"
      "@parcel/packager-html" "2.14.1"
      "@parcel/packager-js" "2.14.1"
      "@parcel/packager-raw" "2.14.1"
      "@parcel/packager-svg" "2.14.1"
      "@parcel/packager-wasm" "2.14.1"
      "@parcel/reporter-dev-server" "2.14.1"
      "@parcel/resolver-default" "2.14.1"
      "@parcel/runtime-browser-hmr" "2.14.1"
      "@parcel/runtime-js" "2.14.1"
      "@parcel/runtime-rsc" "2.14.1"
      "@parcel/runtime-service-worker" "2.14.1"
      "@parcel/transformer-babel" "2.14.1"
      "@parcel/transformer-css" "2.14.1"
      "@parcel/transformer-html" "2.14.1"
      "@parcel/transformer-image" "2.14.1"
      "@parcel/transformer-js" "2.14.1"
      "@parcel/transformer-json" "2.14.1"
      "@parcel/transformer-node" "2.14.1"
      "@parcel/transformer-postcss" "2.14.1"
      "@parcel/transformer-posthtml" "2.14.1"
      "@parcel/transformer-raw" "2.14.1"
      "@parcel/transformer-react-refresh-wrap" "2.14.1"
      "@parcel/transformer-svg" "2.14.1"
  
  "@parcel/core@2.14.1":
    version "2.14.1"
    resolved "https://registry.npmjs.org/@parcel/core/-/core-2.14.1.tgz"
    integrity sha512-vw7Uc2hZgXEDCHyPzeV+IPqC9mUtCbVSJ4lXP9Ri49mdLV7Hazb9iCN4mNld7sCMtG2f6fEqfwsD9r2zGyntgw==
    dependencies:
      "@mischnic/json-sourcemap" "^0.1.0"
      "@parcel/cache" "2.14.1"
      "@parcel/diagnostic" "2.14.1"
      "@parcel/events" "2.14.1"
      "@parcel/feature-flags" "2.14.1"
      "@parcel/fs" "2.14.1"
      "@parcel/graph" "3.4.1"
      "@parcel/logger" "2.14.1"
      "@parcel/package-manager" "2.14.1"
      "@parcel/plugin" "2.14.1"
      "@parcel/profiler" "2.14.1"
      "@parcel/rust" "2.14.1"
      "@parcel/source-map" "^2.1.1"
      "@parcel/types" "2.14.1"
      "@parcel/utils" "2.14.1"
      "@parcel/workers" "2.14.1"
      base-x "^3.0.8"
      browserslist "^4.6.6"
      clone "^2.1.1"
      dotenv "^16.4.5"
      dotenv-expand "^11.0.6"
      json5 "^2.2.0"
      msgpackr "^1.9.9"
      nullthrows "^1.1.1"
      semver "^7.5.2"
  
  "@parcel/diagnostic@2.14.1":
    version "2.14.1"
    resolved "https://registry.npmjs.org/@parcel/diagnostic/-/diagnostic-2.14.1.tgz"
    integrity sha512-1miPY3EFMlaRRXEEi9kqqVih8jxCIrmpeQTgnFcamX7TypAlGKaFjn0FTOYL1FXexVHETiVFzmNOWVe+EUJF6A==
    dependencies:
      "@mischnic/json-sourcemap" "^0.1.0"
      nullthrows "^1.1.1"
  
  "@parcel/error-overlay@2.14.1":
    version "2.14.1"
    resolved "https://registry.npmjs.org/@parcel/error-overlay/-/error-overlay-2.14.1.tgz"
    integrity sha512-9HyBBOjR+xp8OWSwOV0DRmWduKEtR+PKjdwc3+PIP9LQ4p9WL/uUcGG57LCdU4UKih8befCRN0qs7iMQU1OSxg==
  
  "@parcel/events@2.14.1":
    version "2.14.1"
    resolved "https://registry.npmjs.org/@parcel/events/-/events-2.14.1.tgz"
    integrity sha512-DG4xxp1x/ky7aHbz2GpwPBAkbI4pTfEWGukXh6bTyp/8TJl6LHvQxZkNszBoOwPF+D9vKH+Cm1ZS+iLX1HCnaA==
  
  "@parcel/feature-flags@2.14.1":
    version "2.14.1"
    resolved "https://registry.npmjs.org/@parcel/feature-flags/-/feature-flags-2.14.1.tgz"
    integrity sha512-SiFWEONfIIM42+J4IFQnAgVOuqOPqZLc+6kHX8bmSBYAA6PVkwfjI8GVwcFm0qzo9HYylwuHwzrAdByv5FFodA==
  
  "@parcel/fs@2.14.1":
    version "2.14.1"
    resolved "https://registry.npmjs.org/@parcel/fs/-/fs-2.14.1.tgz"
    integrity sha512-qLKjKdE+8d+HycrUSbWf2pLmfi2g4p23HkEMwxOPnbu+OQ9deyrODbfhMNVQNSGDztNDjw53YF4+c5Y+DCtXUw==
    dependencies:
      "@parcel/feature-flags" "2.14.1"
      "@parcel/rust" "2.14.1"
      "@parcel/types-internal" "2.14.1"
      "@parcel/utils" "2.14.1"
      "@parcel/watcher" "^2.0.7"
      "@parcel/workers" "2.14.1"
  
  "@parcel/graph@3.4.1":
    version "3.4.1"
    resolved "https://registry.npmjs.org/@parcel/graph/-/graph-3.4.1.tgz"
    integrity sha512-4kaHLJ0HfMo9OT3dEUlLLArMa3YYCYEDs7b1juXPUYS6VEPfxebdAw6gcF2KlC/TMUP7SbU9dsauPfOc1ttXcQ==
    dependencies:
      "@parcel/feature-flags" "2.14.1"
      nullthrows "^1.1.1"
  
  "@parcel/logger@2.14.1":
    version "2.14.1"
    resolved "https://registry.npmjs.org/@parcel/logger/-/logger-2.14.1.tgz"
    integrity sha512-jksQTCuVW7HWB75HShnliGs+lwbirv9ajCQtEwtOMFlZMCEplu0Pp6GxNG467r9EWzCf55yGwnZw7F6Fs1Oqgg==
    dependencies:
      "@parcel/diagnostic" "2.14.1"
      "@parcel/events" "2.14.1"
  
  "@parcel/markdown-ansi@2.14.1":
    version "2.14.1"
    resolved "https://registry.npmjs.org/@parcel/markdown-ansi/-/markdown-ansi-2.14.1.tgz"
    integrity sha512-cxeM6w9861HTMuxEhhPDznCwPd/MxbIJpqp5z9E8+L3Syso0qa7ot5z5Lm3DSfDVh0Dnpi7srC8QpJkOqCl4yw==
    dependencies:
      chalk "^4.1.2"
  
  "@parcel/namer-default@2.14.1":
    version "2.14.1"
    resolved "https://registry.npmjs.org/@parcel/namer-default/-/namer-default-2.14.1.tgz"
    integrity sha512-6Hq4TuQblYhqzpi7eVHLa2RJ0OGq5MiR6KofAwpz4gDF1H8UVR85KGzFLRRk73nAqMZi45Yqs8f4FHtTOJzksw==
    dependencies:
      "@parcel/diagnostic" "2.14.1"
      "@parcel/plugin" "2.14.1"
      nullthrows "^1.1.1"
  
  "@parcel/node-resolver-core@3.5.1":
    version "3.5.1"
    resolved "https://registry.npmjs.org/@parcel/node-resolver-core/-/node-resolver-core-3.5.1.tgz"
    integrity sha512-FiZUbTmEfoWIRKYmmx2baPlusIdW9gKPRowXp+YWb436aFxbk06rf8pS4uCkODN61RZEg6WPHOo0rLVcylbOSw==
    dependencies:
      "@mischnic/json-sourcemap" "^0.1.0"
      "@parcel/diagnostic" "2.14.1"
      "@parcel/fs" "2.14.1"
      "@parcel/rust" "2.14.1"
      "@parcel/utils" "2.14.1"
      nullthrows "^1.1.1"
      semver "^7.5.2"
  
  "@parcel/optimizer-css@2.14.1":
    version "2.14.1"
    resolved "https://registry.npmjs.org/@parcel/optimizer-css/-/optimizer-css-2.14.1.tgz"
    integrity sha512-uerUTAFzer23wDD+CeGDxRSpGJrpYNU7RIkvUKrWBaYPG2ztKQ4NWWZ7/xVL8EdU6TilRec6xihrONFUE1Pa3Q==
    dependencies:
      "@parcel/diagnostic" "2.14.1"
      "@parcel/plugin" "2.14.1"
      "@parcel/source-map" "^2.1.1"
      "@parcel/utils" "2.14.1"
      browserslist "^4.6.6"
      lightningcss "^1.22.1"
      nullthrows "^1.1.1"
  
  "@parcel/optimizer-htmlnano@2.14.1":
    version "2.14.1"
    resolved "https://registry.npmjs.org/@parcel/optimizer-htmlnano/-/optimizer-htmlnano-2.14.1.tgz"
    integrity sha512-m9qmJD1yC5/KfXz/6dk8QdVFug3iSXhkABIo51iPHezabRNKxBscQHvaYjRGptJdTgqe04vz8Wf1l4iLpKWM2w==
    dependencies:
      "@parcel/diagnostic" "2.14.1"
      "@parcel/plugin" "2.14.1"
      "@parcel/utils" "2.14.1"
      htmlnano "^2.0.0"
      nullthrows "^1.1.1"
      posthtml "^0.16.5"
  
  "@parcel/optimizer-image@2.14.1":
    version "2.14.1"
    resolved "https://registry.npmjs.org/@parcel/optimizer-image/-/optimizer-image-2.14.1.tgz"
    integrity sha512-Ut3LyQjh4bZw2sfS0gB2LaVo7cRYqXMb2UX3l8c57jZUfHjqG3eweiZtl7cM3sbOLjj7Z79BSj9JJ67OJS6ATQ==
    dependencies:
      "@parcel/diagnostic" "2.14.1"
      "@parcel/plugin" "2.14.1"
      "@parcel/rust" "2.14.1"
      "@parcel/utils" "2.14.1"
      "@parcel/workers" "2.14.1"
  
  "@parcel/optimizer-svgo@2.14.1":
    version "2.14.1"
    resolved "https://registry.npmjs.org/@parcel/optimizer-svgo/-/optimizer-svgo-2.14.1.tgz"
    integrity sha512-pMQ2vHLRO4eOUYzc1aNa+U3EET2CoXNP9eHzMEXD9ikbcuU699LWhQ9f0g94q/tCEPiDDU7fYFVRk5z9rYJ4xg==
    dependencies:
      "@parcel/diagnostic" "2.14.1"
      "@parcel/plugin" "2.14.1"
      "@parcel/utils" "2.14.1"
  
  "@parcel/optimizer-swc@2.14.1":
    version "2.14.1"
    resolved "https://registry.npmjs.org/@parcel/optimizer-swc/-/optimizer-swc-2.14.1.tgz"
    integrity sha512-oNtXoW/o9zWXhcoZ4taaIot3l5jSy9RzKXWzKLtrMHkljyifIcxJ7DfgMfr2v1ToCFYRitdtQ4s0Y9dDOvjlqw==
    dependencies:
      "@parcel/diagnostic" "2.14.1"
      "@parcel/plugin" "2.14.1"
      "@parcel/source-map" "^2.1.1"
      "@parcel/utils" "2.14.1"
      "@swc/core" "^1.11.5"
      nullthrows "^1.1.1"
  
  "@parcel/package-manager@2.14.1":
    version "2.14.1"
    resolved "https://registry.npmjs.org/@parcel/package-manager/-/package-manager-2.14.1.tgz"
    integrity sha512-zLjPJpKhj+3Yqy9HN1Kp7fTot2BqTG3wxFoVRI5vdKqMeC9PT+UexdctU0sx90aeXcs3dF6yl944nVPlMZW8qA==
    dependencies:
      "@parcel/diagnostic" "2.14.1"
      "@parcel/fs" "2.14.1"
      "@parcel/logger" "2.14.1"
      "@parcel/node-resolver-core" "3.5.1"
      "@parcel/types" "2.14.1"
      "@parcel/utils" "2.14.1"
      "@parcel/workers" "2.14.1"
      "@swc/core" "^1.11.5"
      semver "^7.5.2"
  
  "@parcel/packager-css@2.14.1":
    version "2.14.1"
    resolved "https://registry.npmjs.org/@parcel/packager-css/-/packager-css-2.14.1.tgz"
    integrity sha512-SUVnX8cFHApmU0xA4rard3h1gR4tN7MeB7w1JtO+BgTLdxHBAG/rzqh22T7pJuwc+XJ8x+8CSh1vYkrIuL9Dow==
    dependencies:
      "@parcel/diagnostic" "2.14.1"
      "@parcel/plugin" "2.14.1"
      "@parcel/source-map" "^2.1.1"
      "@parcel/utils" "2.14.1"
      lightningcss "^1.22.1"
      nullthrows "^1.1.1"
  
  "@parcel/packager-html@2.14.1":
    version "2.14.1"
    resolved "https://registry.npmjs.org/@parcel/packager-html/-/packager-html-2.14.1.tgz"
    integrity sha512-66vTBsQw9Tob/9uqOfXmGaJX83HG/Y7ymPcB2MqFSiZMKWz6jQSolwycHi386l2t1Lf71tMmFF9hrTzD4WHqgQ==
    dependencies:
      "@parcel/plugin" "2.14.1"
      "@parcel/types" "2.14.1"
      "@parcel/utils" "2.14.1"
      nullthrows "^1.1.1"
      posthtml "^0.16.5"
  
  "@parcel/packager-js@2.14.1":
    version "2.14.1"
    resolved "https://registry.npmjs.org/@parcel/packager-js/-/packager-js-2.14.1.tgz"
    integrity sha512-NLK9eI876hedSvq95H3Wpk4eaGbPSmSr3fCuAOwfysMh0fO0mzpxzEj7aMK2SariSYLtBLkkeR42QJGe/qzqpA==
    dependencies:
      "@parcel/diagnostic" "2.14.1"
      "@parcel/plugin" "2.14.1"
      "@parcel/rust" "2.14.1"
      "@parcel/source-map" "^2.1.1"
      "@parcel/types" "2.14.1"
      "@parcel/utils" "2.14.1"
      globals "^13.2.0"
      nullthrows "^1.1.1"
  
  "@parcel/packager-raw@2.14.1":
    version "2.14.1"
    resolved "https://registry.npmjs.org/@parcel/packager-raw/-/packager-raw-2.14.1.tgz"
    integrity sha512-R36Awv/TuLIeQSK7l+GX7XEDYR3otutmMBGgZJg4w9Y8P0E26fViNELqzA9CIJq5qBHAC48eOd+V2IGh0RV9GQ==
    dependencies:
      "@parcel/plugin" "2.14.1"
  
  "@parcel/packager-svg@2.14.1":
    version "2.14.1"
    resolved "https://registry.npmjs.org/@parcel/packager-svg/-/packager-svg-2.14.1.tgz"
    integrity sha512-5s/PSwVd8K92ksML50gGxUPs1WVOfGDoMHBqZbJP21FyTJSqV1e+qDvdjSSWGDImGL79ZAB5gVHguxuonsnAlw==
    dependencies:
      "@parcel/plugin" "2.14.1"
      "@parcel/types" "2.14.1"
      "@parcel/utils" "2.14.1"
      posthtml "^0.16.4"
  
  "@parcel/packager-wasm@2.14.1":
    version "2.14.1"
    resolved "https://registry.npmjs.org/@parcel/packager-wasm/-/packager-wasm-2.14.1.tgz"
    integrity sha512-crMF0j3zgDgPuUQoXP19bZ2kr1JxwOkEb1uz3l52qzb+bU8mNn500MBh/oNv5Kz3LsmeNFF0QMpAjpCWYyWp8Q==
    dependencies:
      "@parcel/plugin" "2.14.1"
  
  "@parcel/plugin@2.14.1":
    version "2.14.1"
    resolved "https://registry.npmjs.org/@parcel/plugin/-/plugin-2.14.1.tgz"
    integrity sha512-zWqQF+YnCNjOd1lc2nWWdjhr6zNJGV1WFE05W3WSJgyfyes8s4HB0FzShTqJ+R9FQdmYWPmRuxO8hC3lwLSQDg==
    dependencies:
      "@parcel/types" "2.14.1"
  
  "@parcel/profiler@2.14.1":
    version "2.14.1"
    resolved "https://registry.npmjs.org/@parcel/profiler/-/profiler-2.14.1.tgz"
    integrity sha512-qrR+RqXfF1IXJdddMoJaAhFnl6pen1CBoobP8p78pZ2SAefo8gyXnTG4Kgr6ff0VJER03U7o0bL1dI9ooHHhDA==
    dependencies:
      "@parcel/diagnostic" "2.14.1"
      "@parcel/events" "2.14.1"
      "@parcel/types-internal" "2.14.1"
      chrome-trace-event "^1.0.2"
  
  "@parcel/reporter-cli@2.14.1":
    version "2.14.1"
    resolved "https://registry.npmjs.org/@parcel/reporter-cli/-/reporter-cli-2.14.1.tgz"
    integrity sha512-wNG2JbwpJ5qLRPhwoXgm0LxRNjePRflFzfgwX1NlSKwJp7FtNoczraTt8lZPtoM5e1ChzS2ggKz5XUnYhLQa9A==
    dependencies:
      "@parcel/plugin" "2.14.1"
      "@parcel/types" "2.14.1"
      "@parcel/utils" "2.14.1"
      chalk "^4.1.2"
      term-size "^2.2.1"
  
  "@parcel/reporter-dev-server@2.14.1":
    version "2.14.1"
    resolved "https://registry.npmjs.org/@parcel/reporter-dev-server/-/reporter-dev-server-2.14.1.tgz"
    integrity sha512-7bCBNcSNBlsoeDX5JHFTeqRDzGxggEkOqX/HMN0rkp9R1wUOKPu9ik1hHXKjknUOsLYJ/lvHbecLZFaTMBOYIQ==
    dependencies:
      "@parcel/codeframe" "2.14.1"
      "@parcel/plugin" "2.14.1"
      "@parcel/source-map" "^2.1.1"
      "@parcel/utils" "2.14.1"
  
  "@parcel/reporter-tracer@2.14.1":
    version "2.14.1"
    resolved "https://registry.npmjs.org/@parcel/reporter-tracer/-/reporter-tracer-2.14.1.tgz"
    integrity sha512-RBFoP3pVXhRMkatZcNNvl/NbJNS4LVPz2Oy+0pVL18pbMEan2O8HpVbELnUbeWi1995IGBEp2DMGZMAw4qV51A==
    dependencies:
      "@parcel/plugin" "2.14.1"
      "@parcel/utils" "2.14.1"
      chrome-trace-event "^1.0.3"
      nullthrows "^1.1.1"
  
  "@parcel/resolver-default@2.14.1":
    version "2.14.1"
    resolved "https://registry.npmjs.org/@parcel/resolver-default/-/resolver-default-2.14.1.tgz"
    integrity sha512-wRdd/3ws3q82WxJ+ton41C1XiXvlJKW1xIklyvVAu9Bxqvru6N0L8zM6sWBdy305gwfyVq4pBBRUCJu7YxkkUQ==
    dependencies:
      "@parcel/node-resolver-core" "3.5.1"
      "@parcel/plugin" "2.14.1"
  
  "@parcel/runtime-browser-hmr@2.14.1":
    version "2.14.1"
    resolved "https://registry.npmjs.org/@parcel/runtime-browser-hmr/-/runtime-browser-hmr-2.14.1.tgz"
    integrity sha512-HaRMkQhco25klcTKfqL6UD6iRA+fkurbbsEo0p7gSfy9d6HoPS7Sml7duddQ13eBIcbTdYVclucwSIuoDFNoqQ==
    dependencies:
      "@parcel/plugin" "2.14.1"
      "@parcel/utils" "2.14.1"
  
  "@parcel/runtime-js@2.14.1":
    version "2.14.1"
    resolved "https://registry.npmjs.org/@parcel/runtime-js/-/runtime-js-2.14.1.tgz"
    integrity sha512-YxSpJI5IQTo9ltKPXV9WueOD7z/uNaa9Fcl17OQ/cBgapDBRWqzBgewSSRJPySQt6gWcWdZWTqeeG2OTCRUQOw==
    dependencies:
      "@parcel/diagnostic" "2.14.1"
      "@parcel/plugin" "2.14.1"
      "@parcel/utils" "2.14.1"
      nullthrows "^1.1.1"
  
  "@parcel/runtime-rsc@2.14.1":
    version "2.14.1"
    resolved "https://registry.npmjs.org/@parcel/runtime-rsc/-/runtime-rsc-2.14.1.tgz"
    integrity sha512-rmvs02ilOkvFjblhQsJL8c8jJjFpQl88xm8owyH2eVpqNdqfyHtpCWHnDjsoKmvjfRTf6143W7w9kLqNb2UNnA==
    dependencies:
      "@parcel/plugin" "2.14.1"
      "@parcel/rust" "2.14.1"
      "@parcel/utils" "2.14.1"
      nullthrows "^1.1.1"
  
  "@parcel/runtime-service-worker@2.14.1":
    version "2.14.1"
    resolved "https://registry.npmjs.org/@parcel/runtime-service-worker/-/runtime-service-worker-2.14.1.tgz"
    integrity sha512-Dz0tLHrECfzgNBfKm54QWBPsdvchFo4n2FBn4GWss0TYS4QMFrHWgc2YuRwVForXm2yS8/qoLignvM3gH8PLKg==
    dependencies:
      "@parcel/plugin" "2.14.1"
      "@parcel/utils" "2.14.1"
      nullthrows "^1.1.1"
  
  "@parcel/rust@2.14.1":
    version "2.14.1"
    resolved "https://registry.npmjs.org/@parcel/rust/-/rust-2.14.1.tgz"
    integrity sha512-BGFV+bS72zlzaHQAEobm/9shcW+lvQb0rAdmJJg2C3lGlqeaGks+iEIkH0wHTFzJJ1MpKgew7I3k096La0CjTw==
  
  "@parcel/source-map@^2.1.1":
    version "2.1.1"
    resolved "https://registry.npmjs.org/@parcel/source-map/-/source-map-2.1.1.tgz"
    integrity sha512-Ejx1P/mj+kMjQb8/y5XxDUn4reGdr+WyKYloBljpppUy8gs42T+BNoEOuRYqDVdgPc6NxduzIDoJS9pOFfV5Ew==
    dependencies:
      detect-libc "^1.0.3"
  
  "@parcel/transformer-babel@2.14.1":
    version "2.14.1"
    resolved "https://registry.npmjs.org/@parcel/transformer-babel/-/transformer-babel-2.14.1.tgz"
    integrity sha512-WmCidhpNhbL4qWdnNFWS0F+GtYSY8k7X4wi9vYrGcFsh2jilsYoTm4BV91CUZtKfhxpYq7n1X+tknY4cOP8Isg==
    dependencies:
      "@parcel/diagnostic" "2.14.1"
      "@parcel/plugin" "2.14.1"
      "@parcel/source-map" "^2.1.1"
      "@parcel/utils" "2.14.1"
      browserslist "^4.6.6"
      json5 "^2.2.0"
      nullthrows "^1.1.1"
      semver "^7.5.2"
  
  "@parcel/transformer-css@2.14.1":
    version "2.14.1"
    resolved "https://registry.npmjs.org/@parcel/transformer-css/-/transformer-css-2.14.1.tgz"
    integrity sha512-v8kP/V1sOKEukie1veZxxcITJNJiuktNzZuCxR5G/yaJMOU57dTP8oVHGiTRr/eA6A3CRzYjeSWEWvaR3ruQRw==
    dependencies:
      "@parcel/diagnostic" "2.14.1"
      "@parcel/plugin" "2.14.1"
      "@parcel/source-map" "^2.1.1"
      "@parcel/utils" "2.14.1"
      browserslist "^4.6.6"
      lightningcss "^1.22.1"
      nullthrows "^1.1.1"
  
  "@parcel/transformer-html@2.14.1":
    version "2.14.1"
    resolved "https://registry.npmjs.org/@parcel/transformer-html/-/transformer-html-2.14.1.tgz"
    integrity sha512-Q7WKi3zfgP+3QNLFqnuypRLcJBP3PMgL5mClXdIhoyY4D0xpTBoq3NCr4DfdATChrUO6NZm6BcgDVmF04KfYnQ==
    dependencies:
      "@parcel/diagnostic" "2.14.1"
      "@parcel/plugin" "2.14.1"
      "@parcel/rust" "2.14.1"
      nullthrows "^1.1.1"
      posthtml "^0.16.5"
      posthtml-parser "^0.12.1"
      posthtml-render "^3.0.0"
      semver "^7.5.2"
      srcset "4"
  
  "@parcel/transformer-image@2.14.1":
    version "2.14.1"
    resolved "https://registry.npmjs.org/@parcel/transformer-image/-/transformer-image-2.14.1.tgz"
    integrity sha512-ese7UQAb6KbC4qaPKqejNyx7Jsru8PlWMMcSgiw7o7BnHVqHP8d7MbwlokgxIo0uE/0zMFlEgKdNKtsoj+AEkQ==
    dependencies:
      "@parcel/plugin" "2.14.1"
      "@parcel/utils" "2.14.1"
      "@parcel/workers" "2.14.1"
      nullthrows "^1.1.1"
  
  "@parcel/transformer-js@2.14.1":
    version "2.14.1"
    resolved "https://registry.npmjs.org/@parcel/transformer-js/-/transformer-js-2.14.1.tgz"
    integrity sha512-Zy60nRvZEabNCOTbChh/RbOpk03s5ozLMOXCAIv1VYRTSZmQFjSlIiwlaNgPjRIn2xpf+2c1y4eslk9z7RPy0w==
    dependencies:
      "@parcel/diagnostic" "2.14.1"
      "@parcel/plugin" "2.14.1"
      "@parcel/rust" "2.14.1"
      "@parcel/source-map" "^2.1.1"
      "@parcel/utils" "2.14.1"
      "@parcel/workers" "2.14.1"
      "@swc/helpers" "^0.5.0"
      browserslist "^4.6.6"
      nullthrows "^1.1.1"
      regenerator-runtime "^0.14.1"
      semver "^7.5.2"
  
  "@parcel/transformer-json@2.14.1":
    version "2.14.1"
    resolved "https://registry.npmjs.org/@parcel/transformer-json/-/transformer-json-2.14.1.tgz"
    integrity sha512-oAjq78dt0Z8BbetH7edXSHVolL1DwMvEeqIPJfNybwyuKh3mwWvgbFgeurr3J5B268FXCMYmIgt63wactPnbcQ==
    dependencies:
      "@parcel/plugin" "2.14.1"
      json5 "^2.2.0"
  
  "@parcel/transformer-node@2.14.1":
    version "2.14.1"
    resolved "https://registry.npmjs.org/@parcel/transformer-node/-/transformer-node-2.14.1.tgz"
    integrity sha512-vl0m/k5eGxUe8kb9I56yhNrcrsfaWyn3+bUuLiX2jB4VA+F3qnN5N2V7wskmdGia4G4X174ICYCKQU+fLlDuFg==
    dependencies:
      "@parcel/plugin" "2.14.1"
  
  "@parcel/transformer-postcss@2.14.1":
    version "2.14.1"
    resolved "https://registry.npmjs.org/@parcel/transformer-postcss/-/transformer-postcss-2.14.1.tgz"
    integrity sha512-YkRLmglO9gGq4Ds/KFFPTU2VpsKcMPi5gcPp1ZGlvJQYXjjMXhHksDsOgDWiPXA+aQuTk9truO93QPdOol3U3w==
    dependencies:
      "@parcel/diagnostic" "2.14.1"
      "@parcel/plugin" "2.14.1"
      "@parcel/rust" "2.14.1"
      "@parcel/utils" "2.14.1"
      clone "^2.1.1"
      nullthrows "^1.1.1"
      postcss-value-parser "^4.2.0"
      semver "^7.5.2"
  
  "@parcel/transformer-posthtml@2.14.1":
    version "2.14.1"
    resolved "https://registry.npmjs.org/@parcel/transformer-posthtml/-/transformer-posthtml-2.14.1.tgz"
    integrity sha512-i+CjFA1oGUYH2+gmwa58FsYAd/pHNdkdVRZgzFLeIcYmpZfl0opSwAwZ+5udhnYxed9Mlj77jmSzVK6GpVDYoQ==
    dependencies:
      "@parcel/plugin" "2.14.1"
      "@parcel/utils" "2.14.1"
      nullthrows "^1.1.1"
      posthtml "^0.16.5"
      posthtml-parser "^0.12.1"
      posthtml-render "^3.0.0"
      semver "^7.5.2"
  
  "@parcel/transformer-raw@2.14.1":
    version "2.14.1"
    resolved "https://registry.npmjs.org/@parcel/transformer-raw/-/transformer-raw-2.14.1.tgz"
    integrity sha512-OTO3n341HGHyrW4oKVC3InRiurjbPBTWbbX8mtyvfVcGMbs6PkU0jF1rVmO9gOsAOV5vn5AKowQ9eLMJ4xtLvQ==
    dependencies:
      "@parcel/plugin" "2.14.1"
  
  "@parcel/transformer-react-refresh-wrap@2.14.1":
    version "2.14.1"
    resolved "https://registry.npmjs.org/@parcel/transformer-react-refresh-wrap/-/transformer-react-refresh-wrap-2.14.1.tgz"
    integrity sha512-Cke32thu4UE0Kbld1mqtw9a/Fxa67pu7BlDHvJTZvQrpAfbsev2RJM7GYYFn9KwmUqavV7GJjHHsjxGBc7JsZw==
    dependencies:
      "@parcel/error-overlay" "2.14.1"
      "@parcel/plugin" "2.14.1"
      "@parcel/utils" "2.14.1"
      react-refresh ">=0.9 <=0.16"
  
  "@parcel/transformer-svg@2.14.1":
    version "2.14.1"
    resolved "https://registry.npmjs.org/@parcel/transformer-svg/-/transformer-svg-2.14.1.tgz"
    integrity sha512-AglOlBE8p7b5hzNM62LcslMbC73Yke8eMIsW9wm3By6/vIjW5GevAA99mrx5OhX+SKn4iJI1fAXoZ+2cP0TxJw==
    dependencies:
      "@parcel/diagnostic" "2.14.1"
      "@parcel/plugin" "2.14.1"
      "@parcel/rust" "2.14.1"
      nullthrows "^1.1.1"
      posthtml "^0.16.5"
      posthtml-parser "^0.12.1"
      posthtml-render "^3.0.0"
      semver "^7.5.2"
  
  "@parcel/types-internal@2.14.1":
    version "2.14.1"
    resolved "https://registry.npmjs.org/@parcel/types-internal/-/types-internal-2.14.1.tgz"
    integrity sha512-oBQfuUrNSx9ZB8HpHpMr3y0SRst5NKIsYlzx8uwHlt8A3c/4PS+apI6jamyt905grdCOpZYhNls+pY1HmhAtRA==
    dependencies:
      "@parcel/diagnostic" "2.14.1"
      "@parcel/feature-flags" "2.14.1"
      "@parcel/source-map" "^2.1.1"
      utility-types "^3.10.0"
  
  "@parcel/types@2.14.1":
    version "2.14.1"
    resolved "https://registry.npmjs.org/@parcel/types/-/types-2.14.1.tgz"
    integrity sha512-qlF96JPNYAwApUxcLEXDH5YJDQLQJsEVXNYTHXSaXR0qDybaCmo5104BcAU4R7Czic5NhGhFBScVvtwTyW2Vqg==
    dependencies:
      "@parcel/types-internal" "2.14.1"
      "@parcel/workers" "2.14.1"
  
  "@parcel/utils@2.14.1":
    version "2.14.1"
    resolved "https://registry.npmjs.org/@parcel/utils/-/utils-2.14.1.tgz"
    integrity sha512-1178E3Dw6CjEeq6oyOfs/rNfceCQ2t4qKGpiPXGV//3k/ZDEwT4VR/f0FS0S6T1EMePrp0E0KAMQ9Zz0vrHhIA==
    dependencies:
      "@parcel/codeframe" "2.14.1"
      "@parcel/diagnostic" "2.14.1"
      "@parcel/logger" "2.14.1"
      "@parcel/markdown-ansi" "2.14.1"
      "@parcel/rust" "2.14.1"
      "@parcel/source-map" "^2.1.1"
      chalk "^4.1.2"
      nullthrows "^1.1.1"
  
  "@parcel/watcher-android-arm64@2.5.1":
    version "2.5.1"
    resolved "https://registry.yarnpkg.com/@parcel/watcher-android-arm64/-/watcher-android-arm64-2.5.1.tgz#507f836d7e2042f798c7d07ad19c3546f9848ac1"
    integrity sha512-KF8+j9nNbUN8vzOFDpRMsaKBHZ/mcjEjMToVMJOhTozkDonQFFrRcfdLWn6yWKCmJKmdVxSgHiYvTCef4/qcBA==
  
  "@parcel/watcher-darwin-arm64@2.5.1":
    version "2.5.1"
    resolved "https://registry.yarnpkg.com/@parcel/watcher-darwin-arm64/-/watcher-darwin-arm64-2.5.1.tgz#3d26dce38de6590ef79c47ec2c55793c06ad4f67"
    integrity sha512-eAzPv5osDmZyBhou8PoF4i6RQXAfeKL9tjb3QzYuccXFMQU0ruIc/POh30ePnaOyD1UXdlKguHBmsTs53tVoPw==
  
  "@parcel/watcher-darwin-x64@2.5.1":
    version "2.5.1"
    resolved "https://registry.yarnpkg.com/@parcel/watcher-darwin-x64/-/watcher-darwin-x64-2.5.1.tgz#99f3af3869069ccf774e4ddfccf7e64fd2311ef8"
    integrity sha512-1ZXDthrnNmwv10A0/3AJNZ9JGlzrF82i3gNQcWOzd7nJ8aj+ILyW1MTxVk35Db0u91oD5Nlk9MBiujMlwmeXZg==
  
  "@parcel/watcher-freebsd-x64@2.5.1":
    version "2.5.1"
    resolved "https://registry.yarnpkg.com/@parcel/watcher-freebsd-x64/-/watcher-freebsd-x64-2.5.1.tgz#14d6857741a9f51dfe51d5b08b7c8afdbc73ad9b"
    integrity sha512-SI4eljM7Flp9yPuKi8W0ird8TI/JK6CSxju3NojVI6BjHsTyK7zxA9urjVjEKJ5MBYC+bLmMcbAWlZ+rFkLpJQ==
  
  "@parcel/watcher-linux-arm-glibc@2.5.1":
    version "2.5.1"
    resolved "https://registry.yarnpkg.com/@parcel/watcher-linux-arm-glibc/-/watcher-linux-arm-glibc-2.5.1.tgz#43c3246d6892381db473bb4f663229ad20b609a1"
    integrity sha512-RCdZlEyTs8geyBkkcnPWvtXLY44BCeZKmGYRtSgtwwnHR4dxfHRG3gR99XdMEdQ7KeiDdasJwwvNSF5jKtDwdA==
  
  "@parcel/watcher-linux-arm-musl@2.5.1":
    version "2.5.1"
    resolved "https://registry.yarnpkg.com/@parcel/watcher-linux-arm-musl/-/watcher-linux-arm-musl-2.5.1.tgz#663750f7090bb6278d2210de643eb8a3f780d08e"
    integrity sha512-6E+m/Mm1t1yhB8X412stiKFG3XykmgdIOqhjWj+VL8oHkKABfu/gjFj8DvLrYVHSBNC+/u5PeNrujiSQ1zwd1Q==
  
  "@parcel/watcher-linux-arm64-glibc@2.5.1":
    version "2.5.1"
    resolved "https://registry.yarnpkg.com/@parcel/watcher-linux-arm64-glibc/-/watcher-linux-arm64-glibc-2.5.1.tgz#ba60e1f56977f7e47cd7e31ad65d15fdcbd07e30"
    integrity sha512-LrGp+f02yU3BN9A+DGuY3v3bmnFUggAITBGriZHUREfNEzZh/GO06FF5u2kx8x+GBEUYfyTGamol4j3m9ANe8w==
  
  "@parcel/watcher-linux-arm64-musl@2.5.1":
    version "2.5.1"
    resolved "https://registry.yarnpkg.com/@parcel/watcher-linux-arm64-musl/-/watcher-linux-arm64-musl-2.5.1.tgz#f7fbcdff2f04c526f96eac01f97419a6a99855d2"
    integrity sha512-cFOjABi92pMYRXS7AcQv9/M1YuKRw8SZniCDw0ssQb/noPkRzA+HBDkwmyOJYp5wXcsTrhxO0zq1U11cK9jsFg==
  
  "@parcel/watcher-linux-x64-glibc@2.5.1":
    version "2.5.1"
    resolved "https://registry.npmjs.org/@parcel/watcher-linux-x64-glibc/-/watcher-linux-x64-glibc-2.5.1.tgz"
    integrity sha512-GcESn8NZySmfwlTsIur+49yDqSny2IhPeZfXunQi48DMugKeZ7uy1FX83pO0X22sHntJ4Ub+9k34XQCX+oHt2A==
  
  "@parcel/watcher-linux-x64-musl@2.5.1":
    version "2.5.1"
    resolved "https://registry.npmjs.org/@parcel/watcher-linux-x64-musl/-/watcher-linux-x64-musl-2.5.1.tgz"
    integrity sha512-n0E2EQbatQ3bXhcH2D1XIAANAcTZkQICBPVaxMeaCVBtOpBZpWJuf7LwyWPSBDITb7In8mqQgJ7gH8CILCURXg==
  
  "@parcel/watcher-win32-arm64@2.5.1":
    version "2.5.1"
    resolved "https://registry.yarnpkg.com/@parcel/watcher-win32-arm64/-/watcher-win32-arm64-2.5.1.tgz#7e9e02a26784d47503de1d10e8eab6cceb524243"
    integrity sha512-RFzklRvmc3PkjKjry3hLF9wD7ppR4AKcWNzH7kXR7GUe0Igb3Nz8fyPwtZCSquGrhU5HhUNDr/mKBqj7tqA2Vw==
  
  "@parcel/watcher-win32-ia32@2.5.1":
    version "2.5.1"
    resolved "https://registry.yarnpkg.com/@parcel/watcher-win32-ia32/-/watcher-win32-ia32-2.5.1.tgz#2d0f94fa59a873cdc584bf7f6b1dc628ddf976e6"
    integrity sha512-c2KkcVN+NJmuA7CGlaGD1qJh1cLfDnQsHjE89E60vUEMlqduHGCdCLJCID5geFVM0dOtA3ZiIO8BoEQmzQVfpQ==
  
  "@parcel/watcher-win32-x64@2.5.1":
    version "2.5.1"
    resolved "https://registry.yarnpkg.com/@parcel/watcher-win32-x64/-/watcher-win32-x64-2.5.1.tgz#ae52693259664ba6f2228fa61d7ee44b64ea0947"
    integrity sha512-9lHBdJITeNR++EvSQVUcaZoWupyHfXe1jZvGZ06O/5MflPcuPLtEphScIBL+AiCWBO46tDSHzWyD0uDmmZqsgA==
  
  "@parcel/watcher@^2.0.7":
    version "2.5.1"
    resolved "https://registry.npmjs.org/@parcel/watcher/-/watcher-2.5.1.tgz"
    integrity sha512-dfUnCxiN9H4ap84DvD2ubjw+3vUNpstxa0TneY/Paat8a3R4uQZDLSvWjmznAY/DoahqTHl9V46HF/Zs3F29pg==
    dependencies:
      detect-libc "^1.0.3"
      is-glob "^4.0.3"
      micromatch "^4.0.5"
      node-addon-api "^7.0.0"
    optionalDependencies:
      "@parcel/watcher-android-arm64" "2.5.1"
      "@parcel/watcher-darwin-arm64" "2.5.1"
      "@parcel/watcher-darwin-x64" "2.5.1"
      "@parcel/watcher-freebsd-x64" "2.5.1"
      "@parcel/watcher-linux-arm-glibc" "2.5.1"
      "@parcel/watcher-linux-arm-musl" "2.5.1"
      "@parcel/watcher-linux-arm64-glibc" "2.5.1"
      "@parcel/watcher-linux-arm64-musl" "2.5.1"
      "@parcel/watcher-linux-x64-glibc" "2.5.1"
      "@parcel/watcher-linux-x64-musl" "2.5.1"
      "@parcel/watcher-win32-arm64" "2.5.1"
      "@parcel/watcher-win32-ia32" "2.5.1"
      "@parcel/watcher-win32-x64" "2.5.1"
  
  "@parcel/workers@2.14.1":
    version "2.14.1"
    resolved "https://registry.npmjs.org/@parcel/workers/-/workers-2.14.1.tgz"
    integrity sha512-i0mui7kSLAPT0B0/5+YUjbP38F8e8C5QDVritAW1lbRe5XCqkvO+nU4PRsjyP5mvXVhoFVCe7UycbD2D/lrogA==
    dependencies:
      "@parcel/diagnostic" "2.14.1"
      "@parcel/logger" "2.14.1"
      "@parcel/profiler" "2.14.1"
      "@parcel/types-internal" "2.14.1"
      "@parcel/utils" "2.14.1"
      nullthrows "^1.1.1"
  
  "@swc/core-darwin-arm64@1.11.11":
    version "1.11.11"
    resolved "https://registry.yarnpkg.com/@swc/core-darwin-arm64/-/core-darwin-arm64-1.11.11.tgz#e4b5fc99bab657f8f72217fd4976956faf4132b3"
    integrity sha512-vJcjGVDB8cZH7zyOkC0AfpFYI/7GHKG0NSsH3tpuKrmoAXJyCYspKPGid7FT53EAlWreN7+Pew+bukYf5j+Fmg==
  
  "@swc/core-darwin-x64@1.11.11":
    version "1.11.11"
    resolved "https://registry.yarnpkg.com/@swc/core-darwin-x64/-/core-darwin-x64-1.11.11.tgz#0f4e810a2cd9c2993a7ccc3b38d1f92ef49894d8"
    integrity sha512-/N4dGdqEYvD48mCF3QBSycAbbQd3yoZ2YHSzYesQf8usNc2YpIhYqEH3sql02UsxTjEFOJSf1bxZABDdhbSl6A==
  
  "@swc/core-linux-arm-gnueabihf@1.11.11":
    version "1.11.11"
    resolved "https://registry.yarnpkg.com/@swc/core-linux-arm-gnueabihf/-/core-linux-arm-gnueabihf-1.11.11.tgz#72b4b1e403bca37f051fd194eb0518cda83fad9f"
    integrity sha512-hsBhKK+wVXdN3x9MrL5GW0yT8o9GxteE5zHAI2HJjRQel3HtW7m5Nvwaq+q8rwMf4YQRd8ydbvwl4iUOZx7i2Q==
  
  "@swc/core-linux-arm64-gnu@1.11.11":
    version "1.11.11"
    resolved "https://registry.yarnpkg.com/@swc/core-linux-arm64-gnu/-/core-linux-arm64-gnu-1.11.11.tgz#ea87e183ec53db9e121cca581cef538e9652193f"
    integrity sha512-YOCdxsqbnn/HMPCNM6nrXUpSndLXMUssGTtzT7ffXqr7WuzRg2e170FVDVQFIkb08E7Ku5uOnnUVAChAJQbMOQ==
  
  "@swc/core-linux-arm64-musl@1.11.11":
    version "1.11.11"
    resolved "https://registry.yarnpkg.com/@swc/core-linux-arm64-musl/-/core-linux-arm64-musl-1.11.11.tgz#33db0f45b2286bbca9baf2ed84d1f2405c657600"
    integrity sha512-nR2tfdQRRzwqR2XYw9NnBk9Fdvff/b8IiJzDL28gRR2QiJWLaE8LsRovtWrzCOYq6o5Uu9cJ3WbabWthLo4jLw==
  
  "@swc/core-linux-x64-gnu@1.11.11":
    version "1.11.11"
    resolved "https://registry.npmjs.org/@swc/core-linux-x64-gnu/-/core-linux-x64-gnu-1.11.11.tgz"
    integrity sha512-b4gBp5HA9xNWNC5gsYbdzGBJWx4vKSGybGMGOVWWuF+ynx10+0sA/o4XJGuNHm8TEDuNh9YLKf6QkIO8+GPJ1g==
  
  "@swc/core-linux-x64-musl@1.11.11":
    version "1.11.11"
    resolved "https://registry.npmjs.org/@swc/core-linux-x64-musl/-/core-linux-x64-musl-1.11.11.tgz"
    integrity sha512-dEvqmQVswjNvMBwXNb8q5uSvhWrJLdttBSef3s6UC5oDSwOr00t3RQPzyS3n5qmGJ8UMTdPRmsopxmqaODISdg==
  
  "@swc/core-win32-arm64-msvc@1.11.11":
    version "1.11.11"
    resolved "https://registry.yarnpkg.com/@swc/core-win32-arm64-msvc/-/core-win32-arm64-msvc-1.11.11.tgz#179846f1f9e3e806a4bf6d8f35af97f577c1a0b3"
    integrity sha512-aZNZznem9WRnw2FbTqVpnclvl8Q2apOBW2B316gZK+qxbe+ktjOUnYaMhdCG3+BYggyIBDOnaJeQrXbKIMmNdw==
  
  "@swc/core-win32-ia32-msvc@1.11.11":
    version "1.11.11"
    resolved "https://registry.yarnpkg.com/@swc/core-win32-ia32-msvc/-/core-win32-ia32-msvc-1.11.11.tgz#b098b72c1b45e237a9598b7b5e83e6c5ecb9ac69"
    integrity sha512-DjeJn/IfjgOddmJ8IBbWuDK53Fqw7UvOz7kyI/728CSdDYC3LXigzj3ZYs4VvyeOt+ZcQZUB2HA27edOifomGw==
  
  "@swc/core-win32-x64-msvc@1.11.11":
    version "1.11.11"
    resolved "https://registry.yarnpkg.com/@swc/core-win32-x64-msvc/-/core-win32-x64-msvc-1.11.11.tgz#1d5610c585b903b8c1f4a452725d77ac96f27e84"
    integrity sha512-Gp/SLoeMtsU4n0uRoKDOlGrRC6wCfifq7bqLwSlAG8u8MyJYJCcwjg7ggm0rhLdC2vbiZ+lLVl3kkETp+JUvKg==
  
  "@swc/core@^1.11.5":
    version "1.11.11"
    resolved "https://registry.npmjs.org/@swc/core/-/core-1.11.11.tgz"
    integrity sha512-pCVY2Wn6dV/labNvssk9b3Owi4WOYsapcbWm90XkIj4xH/56Z6gzja9fsU+4MdPuEfC2Smw835nZHcdCFGyX6A==
    dependencies:
      "@swc/counter" "^0.1.3"
      "@swc/types" "^0.1.19"
    optionalDependencies:
      "@swc/core-darwin-arm64" "1.11.11"
      "@swc/core-darwin-x64" "1.11.11"
      "@swc/core-linux-arm-gnueabihf" "1.11.11"
      "@swc/core-linux-arm64-gnu" "1.11.11"
      "@swc/core-linux-arm64-musl" "1.11.11"
      "@swc/core-linux-x64-gnu" "1.11.11"
      "@swc/core-linux-x64-musl" "1.11.11"
      "@swc/core-win32-arm64-msvc" "1.11.11"
      "@swc/core-win32-ia32-msvc" "1.11.11"
      "@swc/core-win32-x64-msvc" "1.11.11"
  
  "@swc/counter@^0.1.3":
    version "0.1.3"
    resolved "https://registry.npmjs.org/@swc/counter/-/counter-0.1.3.tgz"
    integrity sha512-e2BR4lsJkkRlKZ/qCHPw9ZaSxc0MVUd7gtbtaB7aMvHeJVYe8sOB8DBZkP2DtISHGSku9sCK6T6cnY0CtXrOCQ==
  
  "@swc/helpers@^0.5.0":
    version "0.5.15"
    resolved "https://registry.npmjs.org/@swc/helpers/-/helpers-0.5.15.tgz"
    integrity sha512-JQ5TuMi45Owi4/BIMAJBoSQoOJu12oOk/gADqlcUL9JEdHB8vyjUSsxqeNXnmXHjYKMi2WcYtezGEEhqUI/E2g==
    dependencies:
      tslib "^2.8.0"
  
  "@swc/types@^0.1.19":
    version "0.1.19"
    resolved "https://registry.npmjs.org/@swc/types/-/types-0.1.19.tgz"
    integrity sha512-WkAZaAfj44kh/UFdAQcrMP1I0nwRqpt27u+08LMBYMqmQfwwMofYoMh/48NGkMMRfC4ynpfwRbJuu8ErfNloeA==
    dependencies:
      "@swc/counter" "^0.1.3"
  
  acorn-jsx@^5.3.1:
    version "5.3.2"
    resolved "https://registry.npmjs.org/acorn-jsx/-/acorn-jsx-5.3.2.tgz"
    integrity sha512-rq9s+JNhf0IChjtDXxllJ7g41oZk5SlXtp0LHwyA5cejwn7vKmKp4pPri6YEePv2PU65sAsegbXtIinmDFDXgQ==
  
  acorn@^7.4.0:
    version "7.4.1"
    resolved "https://registry.npmjs.org/acorn/-/acorn-7.4.1.tgz"
    integrity sha512-nQyp0o1/mNdbTO1PO6kHkwSrmgZ0MT/jCCpNiwbUjGoRN4dlBhqJtoQuCnEOKzgTVwg0ZWiCoQy6SxMebQVh8A==
  
  ajv@^6.10.0, ajv@^6.12.4:
    version "6.12.6"
    resolved "https://registry.npmjs.org/ajv/-/ajv-6.12.6.tgz"
    integrity sha512-j3fVLgvTo527anyYyJOGTYJbG+vnnQYvE0m5mmkc1TK+nxAppkCLMIL0aZ4dblVCNoGShhm+kzE4ZUykBoMg4g==
    dependencies:
      fast-deep-equal "^3.1.1"
      fast-json-stable-stringify "^2.0.0"
      json-schema-traverse "^0.4.1"
      uri-js "^4.2.2"
  
  ajv@^8.0.1:
    version "8.17.1"
    resolved "https://registry.npmjs.org/ajv/-/ajv-8.17.1.tgz"
    integrity sha512-B/gBuNg5SiMTrPkC+A2+cW0RszwxYmn6VYxB/inlBStS5nx6xHIt/ehKRhIMhqusl7a8LjQoZnjCs5vhwxOQ1g==
    dependencies:
      fast-deep-equal "^3.1.3"
      fast-uri "^3.0.1"
      json-schema-traverse "^1.0.0"
      require-from-string "^2.0.2"
  
  ammo.js@^0.0.10:
    version "0.0.10"
    resolved "https://registry.npmjs.org/ammo.js/-/ammo.js-0.0.10.tgz"
    integrity sha512-jOv977u71jrDUzHfmQ99YaW90/y8YLn/3HFTmtLLzf5wJynAfG+/a1Ie5gbn0fE0uSAHxXVsFk4Bzq8qRPWqAA==
  
  ansi-colors@^4.1.1:
    version "4.1.3"
    resolved "https://registry.npmjs.org/ansi-colors/-/ansi-colors-4.1.3.tgz"
    integrity sha512-/6w/C21Pm1A7aZitlI5Ni/2J6FFQN8i1Cvz3kHABAAbw93v/NlvKdVOqz7CCWz/3iv/JplRSEEZ83XION15ovw==
  
  ansi-regex@^5.0.1:
    version "5.0.1"
    resolved "https://registry.npmjs.org/ansi-regex/-/ansi-regex-5.0.1.tgz"
    integrity sha512-quJQXlTSUGL2LH9SUXo8VwsY4soanhgo6LNSm84E1LBcE8s3O0wpdiRzyR9z/ZZJMlMWv37qOOb9pdJlMUEKFQ==
  
  ansi-styles@^3.2.1:
    version "3.2.1"
    resolved "https://registry.npmjs.org/ansi-styles/-/ansi-styles-3.2.1.tgz"
    integrity sha512-VT0ZI6kZRdTh8YyJw3SMbYm/u+NqfsAxEpWO0Pf9sq8/e94WxxOpPKx9FR1FlyCtOVDNOQ+8ntlqFxiRc+r5qA==
    dependencies:
      color-convert "^1.9.0"
  
  ansi-styles@^4.0.0, ansi-styles@^4.1.0:
    version "4.3.0"
    resolved "https://registry.npmjs.org/ansi-styles/-/ansi-styles-4.3.0.tgz"
    integrity sha512-zbB9rCJAT1rbjiVDb2hqKFHNYLxgtk8NURxZ3IZwD3F6NtxbXZQCnnSi1Lkx+IDohdPlFp222wVALIheZJQSEg==
    dependencies:
      color-convert "^2.0.1"
  
  argparse@^1.0.7:
    version "1.0.10"
    resolved "https://registry.npmjs.org/argparse/-/argparse-1.0.10.tgz"
    integrity sha512-o5Roy6tNG4SL/FOkCAN6RzjiakZS25RLYFrcMttJqbdd8BWrnA+fGz57iN5Pb06pvBGvl5gQ0B48dJlslXvoTg==
    dependencies:
      sprintf-js "~1.0.2"
  
  argparse@^2.0.1:
    version "2.0.1"
    resolved "https://registry.npmjs.org/argparse/-/argparse-2.0.1.tgz"
    integrity sha512-8+9WqebbFzpX9OR+Wa6O29asIogeRMzcGtAINdpMHHyAg10f05aSFVBbcEqGf/PXw1EjAZ+q2/bEBg3DvurK3Q==
  
  astral-regex@^2.0.0:
    version "2.0.0"
    resolved "https://registry.npmjs.org/astral-regex/-/astral-regex-2.0.0.tgz"
    integrity sha512-Z7tMw1ytTXt5jqMcOP+OQteU1VuNK9Y02uuJtKQ1Sv69jXQKKg5cibLwGJow8yzZP+eAc18EmLGPal0bp36rvQ==
  
  babel-eslint@^10.1.0:
    version "10.1.0"
    resolved "https://registry.npmjs.org/babel-eslint/-/babel-eslint-10.1.0.tgz"
    integrity sha512-ifWaTHQ0ce+448CYop8AdrQiBsGrnC+bMgfyKFdi6EsPLTAWG+QfyDeM6OH+FmWnKvEq5NnBMLvlBUPKQZoDSg==
    dependencies:
      "@babel/code-frame" "^7.0.0"
      "@babel/parser" "^7.7.0"
      "@babel/traverse" "^7.7.0"
      "@babel/types" "^7.7.0"
      eslint-visitor-keys "^1.0.0"
      resolve "^1.12.0"
  
  balanced-match@^1.0.0:
    version "1.0.2"
    resolved "https://registry.npmjs.org/balanced-match/-/balanced-match-1.0.2.tgz"
    integrity sha512-3oSeUO0TMV67hN1AmbXsK4yaqU7tjiHlbxRDZOpH0KW9+CeX4bRAaX0Anxt0tx2MrpRpWwQaPwIlISEJhYU5Pw==
  
  base-x@^3.0.8:
    version "3.0.11"
    resolved "https://registry.npmjs.org/base-x/-/base-x-3.0.11.tgz"
    integrity sha512-xz7wQ8xDhdyP7tQxwdteLYeFfS68tSMNCZ/Y37WJ4bhGfKPpqEIlmIyueQHqOyoPhE6xNUqjzRr8ra0eF9VRvA==
    dependencies:
      safe-buffer "^5.0.1"
  
  brace-expansion@^1.1.7:
    version "1.1.11"
    resolved "https://registry.npmjs.org/brace-expansion/-/brace-expansion-1.1.11.tgz"
    integrity sha512-iCuPHDFgrHX7H2vEI/5xpz07zSHB00TpugqhmYtVmMO6518mCuRMoOYFldEBl0g187ufozdaHgWKcYFb61qGiA==
    dependencies:
      balanced-match "^1.0.0"
      concat-map "0.0.1"
  
  braces@^3.0.3:
    version "3.0.3"
    resolved "https://registry.npmjs.org/braces/-/braces-3.0.3.tgz"
    integrity sha512-yQbXgO/OSZVD2IsiLlro+7Hf6Q18EJrKSEsdoMzKePKXct3gvD8oLcOQdIzGupr5Fj+EDe8gO/lxc1BzfMpxvA==
    dependencies:
      fill-range "^7.1.1"
  
  browserslist@^4.6.6:
    version "4.24.4"
    resolved "https://registry.npmjs.org/browserslist/-/browserslist-4.24.4.tgz"
    integrity sha512-KDi1Ny1gSePi1vm0q4oxSF8b4DR44GF4BbmS2YdhPLOEqd8pDviZOGH/GsmRwoWJ2+5Lr085X7naowMwKHDG1A==
    dependencies:
      caniuse-lite "^1.0.30001688"
      electron-to-chromium "^1.5.73"
      node-releases "^2.0.19"
      update-browserslist-db "^1.1.1"
  
  callsites@^3.0.0:
    version "3.1.0"
    resolved "https://registry.npmjs.org/callsites/-/callsites-3.1.0.tgz"
    integrity sha512-P8BjAsXvZS+VIDUI11hHCQEv74YT67YUi5JJFNWIqL235sBmjX4+qx9Muvls5ivyNENctx46xQLQ3aTuE7ssaQ==
  
  caniuse-lite@^1.0.30001688:
    version "1.0.30001706"
    resolved "https://registry.npmjs.org/caniuse-lite/-/caniuse-lite-1.0.30001706.tgz"
    integrity sha512-3ZczoTApMAZwPKYWmwVbQMFpXBDds3/0VciVoUwPUbldlYyVLmRVuRs/PcUZtHpbLRpzzDvrvnFuREsGt6lUug==
  
  chalk@^2.4.2:
    version "2.4.2"
    resolved "https://registry.npmjs.org/chalk/-/chalk-2.4.2.tgz"
    integrity sha512-Mti+f9lpJNcwF4tWV8/OrTTtF1gZi+f8FqlyAdouralcFWFQWF2+NgCHShjkCb+IFBLq9buZwE1xckQU4peSuQ==
    dependencies:
      ansi-styles "^3.2.1"
      escape-string-regexp "^1.0.5"
      supports-color "^5.3.0"
  
  chalk@^4.0.0, chalk@^4.1.2:
    version "4.1.2"
    resolved "https://registry.npmjs.org/chalk/-/chalk-4.1.2.tgz"
    integrity sha512-oKnbhFyRIXpUuez8iBMmyEa4nbj4IOQyuhc/wy9kY7/WVPcwIO9VA668Pu8RkO7+0G76SLROeyw9CpQ061i4mA==
    dependencies:
      ansi-styles "^4.1.0"
      supports-color "^7.1.0"
  
  chrome-trace-event@^1.0.2, chrome-trace-event@^1.0.3:
    version "1.0.4"
    resolved "https://registry.npmjs.org/chrome-trace-event/-/chrome-trace-event-1.0.4.tgz"
    integrity sha512-rNjApaLzuwaOTjCiT8lSDdGN1APCiqkChLMJxJPWLunPAt5fy8xgU9/jNOchV84wfIxrA0lRQB7oCT8jrn/wrQ==
  
  clone@^2.1.1:
    version "2.1.2"
    resolved "https://registry.npmjs.org/clone/-/clone-2.1.2.tgz"
    integrity sha512-3Pe/CF1Nn94hyhIYpjtiLhdCoEoz0DqQ+988E9gmeEdQZlojxnOb74wctFyuwWQHzqyf9X7C7MG8juUpqBJT8w==
  
  color-convert@^1.9.0:
    version "1.9.3"
    resolved "https://registry.npmjs.org/color-convert/-/color-convert-1.9.3.tgz"
    integrity sha512-QfAUtd+vFdAtFQcC8CCyYt1fYWxSqAiK2cSD6zDB8N3cpsEBAvRxp9zOGg6G/SHHJYAT88/az/IuDGALsNVbGg==
    dependencies:
      color-name "1.1.3"
  
  color-convert@^2.0.1:
    version "2.0.1"
    resolved "https://registry.npmjs.org/color-convert/-/color-convert-2.0.1.tgz"
    integrity sha512-RRECPsj7iu/xb5oKYcsFHSppFNnsj/52OVTRKb4zP5onXwVF3zVmmToNcOfGC+CRDpfK/U584fMg38ZHCaElKQ==
    dependencies:
      color-name "~1.1.4"
  
  color-name@1.1.3:
    version "1.1.3"
    resolved "https://registry.npmjs.org/color-name/-/color-name-1.1.3.tgz"
    integrity sha512-72fSenhMw2HZMTVHeCA9KCmpEIbzWiQsjN+BHcBbS9vr1mtt+vJjPdksIBNUmKAW8TFUDPJK5SUU3QhE9NEXDw==
  
  color-name@~1.1.4:
    version "1.1.4"
    resolved "https://registry.npmjs.org/color-name/-/color-name-1.1.4.tgz"
    integrity sha512-dOy+3AuW3a2wNbZHIuMZpTcgjGuLU/uBL/ubcZF9OXbDo8ff4O8yVp5Bf0efS8uEoYo5q4Fx7dY9OgQGXgAsQA==
  
  commander@^12.1.0:
    version "12.1.0"
    resolved "https://registry.npmjs.org/commander/-/commander-12.1.0.tgz"
    integrity sha512-Vw8qHK3bZM9y/P10u3Vib8o/DdkvA2OtPtZvD871QKjy74Wj1WSKFILMPRPSdUSx5RFK1arlJzEtA4PkFgnbuA==
  
  concat-map@0.0.1:
    version "0.0.1"
    resolved "https://registry.npmjs.org/concat-map/-/concat-map-0.0.1.tgz"
    integrity sha512-/Srv4dswyQNBfohGpz9o6Yb3Gz3SrUDqBH5rTuhGR7ahtlbYKnVxw2bCFMRljaA7EXHaXZ8wsHdodFvbkhKmqg==
  
  cosmiconfig@^9.0.0:
    version "9.0.0"
    resolved "https://registry.npmjs.org/cosmiconfig/-/cosmiconfig-9.0.0.tgz"
    integrity sha512-itvL5h8RETACmOTFc4UfIyB2RfEHi71Ax6E/PivVxq9NseKbOWpeyHEOIbmAw1rs8Ak0VursQNww7lf7YtUwzg==
    dependencies:
      env-paths "^2.2.1"
      import-fresh "^3.3.0"
      js-yaml "^4.1.0"
      parse-json "^5.2.0"
  
  cross-spawn@^7.0.2:
    version "7.0.6"
    resolved "https://registry.npmjs.org/cross-spawn/-/cross-spawn-7.0.6.tgz"
    integrity sha512-uV2QOWP2nWzsy2aMp8aRibhi9dlzF5Hgh5SHaB9OiTGEyDTiJJyx0uy51QXdyWbtAHNua4XJzUKca3OzKUd3vA==
    dependencies:
      path-key "^3.1.0"
      shebang-command "^2.0.0"
      which "^2.0.1"
  
  debug@^4.0.1, debug@^4.1.1, debug@^4.3.1:
    version "4.4.0"
    resolved "https://registry.npmjs.org/debug/-/debug-4.4.0.tgz"
    integrity sha512-6WTZ/IxCY/T6BALoZHaE4ctp9xm+Z5kY/pzYaCHRFeyVhojxlrm+46y68HA6hr0TcwEssoxNiDEUJQjfPZ/RYA==
    dependencies:
      ms "^2.1.3"
  
  deep-is@^0.1.3:
    version "0.1.4"
    resolved "https://registry.npmjs.org/deep-is/-/deep-is-0.1.4.tgz"
    integrity sha512-oIPzksmTg4/MriiaYGO+okXDT7ztn/w3Eptv/+gSIdMdKsJo0u4CfYNFJPy+4SKMuCqGw2wxnA+URMg3t8a/bQ==
  
  detect-libc@^1.0.3:
    version "1.0.3"
    resolved "https://registry.npmjs.org/detect-libc/-/detect-libc-1.0.3.tgz"
    integrity sha512-pGjwhsmsp4kL2RTz08wcOlGN83otlqHeD/Z5T8GXZB+/YcpQ/dgo+lbU8ZsGxV0HIvqqxo9l7mqYwyYMD9bKDg==
  
  detect-libc@^2.0.1, detect-libc@^2.0.3:
    version "2.0.3"
    resolved "https://registry.npmjs.org/detect-libc/-/detect-libc-2.0.3.tgz"
    integrity sha512-bwy0MGW55bG41VqxxypOsdSdGqLwXPI/focwgTYCFMbdUiBAxLg9CFzG08sz2aqzknwiX7Hkl0bQENjg8iLByw==
  
  doctrine@^3.0.0:
    version "3.0.0"
    resolved "https://registry.npmjs.org/doctrine/-/doctrine-3.0.0.tgz"
    integrity sha512-yS+Q5i3hBf7GBkd4KG8a7eBNNWNGLTaEwwYWUijIYM7zrlYDM0BFXHjjPWlWZ1Rg7UaddZeIDmi9jF3HmqiQ2w==
    dependencies:
      esutils "^2.0.2"
  
  dom-serializer@^1.0.1:
    version "1.4.1"
    resolved "https://registry.npmjs.org/dom-serializer/-/dom-serializer-1.4.1.tgz"
    integrity sha512-VHwB3KfrcOOkelEG2ZOfxqLZdfkil8PtJi4P8N2MMXucZq2yLp75ClViUlOVwyoHEDjYU433Aq+5zWP61+RGag==
    dependencies:
      domelementtype "^2.0.1"
      domhandler "^4.2.0"
      entities "^2.0.0"
  
  dom-serializer@^2.0.0:
    version "2.0.0"
    resolved "https://registry.npmjs.org/dom-serializer/-/dom-serializer-2.0.0.tgz"
    integrity sha512-wIkAryiqt/nV5EQKqQpo3SToSOV9J0DnbJqwK7Wv/Trc92zIAYZ4FlMu+JPFW1DfGFt81ZTCGgDEabffXeLyJg==
    dependencies:
      domelementtype "^2.3.0"
      domhandler "^5.0.2"
      entities "^4.2.0"
  
  domelementtype@^2.0.1, domelementtype@^2.2.0, domelementtype@^2.3.0:
    version "2.3.0"
    resolved "https://registry.npmjs.org/domelementtype/-/domelementtype-2.3.0.tgz"
    integrity sha512-OLETBj6w0OsagBwdXnPdN0cnMfF9opN69co+7ZrbfPGrdpPVNBUj02spi6B1N7wChLQiPn4CSH/zJvXw56gmHw==
  
  domhandler@^4.2.0, domhandler@^4.2.2:
    version "4.3.1"
    resolved "https://registry.npmjs.org/domhandler/-/domhandler-4.3.1.tgz"
    integrity sha512-GrwoxYN+uWlzO8uhUXRl0P+kHE4GtVPfYzVLcUxPL7KNdHKj66vvlhiweIHqYYXWlw+T8iLMp42Lm67ghw4WMQ==
    dependencies:
      domelementtype "^2.2.0"
  
  domhandler@^5.0.2, domhandler@^5.0.3:
    version "5.0.3"
    resolved "https://registry.npmjs.org/domhandler/-/domhandler-5.0.3.tgz"
    integrity sha512-cgwlv/1iFQiFnU96XXgROh8xTeetsnJiDsTc7TYCLFd9+/WNkIqPTxiM/8pSd8VIrhXGTf1Ny1q1hquVqDJB5w==
    dependencies:
      domelementtype "^2.3.0"
  
  domutils@^2.8.0:
    version "2.8.0"
    resolved "https://registry.npmjs.org/domutils/-/domutils-2.8.0.tgz"
    integrity sha512-w96Cjofp72M5IIhpjgobBimYEfoPjx1Vx0BSX9P30WBdZW2WIKU0T1Bd0kz2eNZ9ikjKgHbEyKx8BB6H1L3h3A==
    dependencies:
      dom-serializer "^1.0.1"
      domelementtype "^2.2.0"
      domhandler "^4.2.0"
  
  domutils@^3.1.0:
    version "3.2.2"
    resolved "https://registry.npmjs.org/domutils/-/domutils-3.2.2.tgz"
    integrity sha512-6kZKyUajlDuqlHKVX1w7gyslj9MPIXzIFiz/rGu35uC1wMi+kMhQwGhl4lt9unC9Vb9INnY9Z3/ZA3+FhASLaw==
    dependencies:
      dom-serializer "^2.0.0"
      domelementtype "^2.3.0"
      domhandler "^5.0.3"
  
  dotenv-expand@^11.0.6:
    version "11.0.7"
    resolved "https://registry.npmjs.org/dotenv-expand/-/dotenv-expand-11.0.7.tgz"
    integrity sha512-zIHwmZPRshsCdpMDyVsqGmgyP0yT8GAgXUnkdAoJisxvf33k7yO6OuoKmcTGuXPWSsm8Oh88nZicRLA9Y0rUeA==
    dependencies:
      dotenv "^16.4.5"
  
  dotenv@^16.4.5:
    version "16.4.7"
    resolved "https://registry.npmjs.org/dotenv/-/dotenv-16.4.7.tgz"
    integrity sha512-47qPchRCykZC03FhkYAhrvwU4xDBFIj1QPqaarj6mdM/hgUzfPHcpkHJOn3mJAufFeeAxAzeGsr5X0M4k6fLZQ==
  
  electron-to-chromium@^1.5.73:
    version "1.5.123"
    resolved "https://registry.npmjs.org/electron-to-chromium/-/electron-to-chromium-1.5.123.tgz"
    integrity sha512-refir3NlutEZqlKaBLK0tzlVLe5P2wDKS7UQt/3SpibizgsRAPOsqQC3ffw1nlv3ze5gjRQZYHoPymgVZkplFA==
  
  emoji-regex@^8.0.0:
    version "8.0.0"
    resolved "https://registry.npmjs.org/emoji-regex/-/emoji-regex-8.0.0.tgz"
    integrity sha512-MSjYzcWNOA0ewAHpz0MxpYFvwg6yjy1NG3xteoqz644VCo/RPgnr1/GGt+ic3iJTzQ8Eu3TdM14SawnVUmGE6A==
  
  enquirer@^2.3.5:
    version "2.4.1"
    resolved "https://registry.npmjs.org/enquirer/-/enquirer-2.4.1.tgz"
    integrity sha512-rRqJg/6gd538VHvR3PSrdRBb/1Vy2YfzHqzvbhGIQpDRKIa4FgV/54b5Q1xYSxOOwKvjXweS26E0Q+nAMwp2pQ==
    dependencies:
      ansi-colors "^4.1.1"
      strip-ansi "^6.0.1"
  
  entities@^2.0.0:
    version "2.2.0"
    resolved "https://registry.npmjs.org/entities/-/entities-2.2.0.tgz"
    integrity sha512-p92if5Nz619I0w+akJrLZH0MX0Pb5DX39XOwQTtXSdQQOaYH03S1uIQp4mhOZtAXrxq4ViO67YTiLBo2638o9A==
  
  entities@^3.0.1:
    version "3.0.1"
    resolved "https://registry.npmjs.org/entities/-/entities-3.0.1.tgz"
    integrity sha512-WiyBqoomrwMdFG1e0kqvASYfnlb0lp8M5o5Fw2OFq1hNZxxcNk8Ik0Xm7LxzBhuidnZB/UtBqVCgUz3kBOP51Q==
  
  entities@^4.2.0, entities@^4.5.0:
    version "4.5.0"
    resolved "https://registry.npmjs.org/entities/-/entities-4.5.0.tgz"
    integrity sha512-V0hjH4dGPh9Ao5p0MoRY6BVqtwCjhz6vI5LT8AJ55H+4g9/4vbHx1I54fS0XuclLhDHArPQCiMjDxjaL8fPxhw==
  
  env-paths@^2.2.1:
    version "2.2.1"
    resolved "https://registry.npmjs.org/env-paths/-/env-paths-2.2.1.tgz"
    integrity sha512-+h1lkLKhZMTYjog1VEpJNG7NZJWcuc2DDk/qsqSTRRCOXiLjeQ1d1/udrUGhqMxUgAlwKNZ0cf2uqan5GLuS2A==
  
  error-ex@^1.3.1:
    version "1.3.2"
    resolved "https://registry.npmjs.org/error-ex/-/error-ex-1.3.2.tgz"
    integrity sha512-7dFHNmqeFSEt2ZBsCriorKnn3Z2pj+fd9kmI6QoWw4//DL+icEBfc0U7qJCisqrTsKTjw4fNFy2pW9OqStD84g==
    dependencies:
      is-arrayish "^0.2.1"
  
  escalade@^3.2.0:
    version "3.2.0"
    resolved "https://registry.npmjs.org/escalade/-/escalade-3.2.0.tgz"
    integrity sha512-WUj2qlxaQtO4g6Pq5c29GTcWGDyd8itL8zTlipgECz3JesAiiOKotd8JU6otB3PACgG6xkJUyVhboMS+bje/jA==
  
  escape-string-regexp@^1.0.5:
    version "1.0.5"
    resolved "https://registry.npmjs.org/escape-string-regexp/-/escape-string-regexp-1.0.5.tgz"
    integrity sha512-vbRorB5FUQWvla16U8R/qgaFIya2qGzwDrNmCZuYKrbdSUMG6I1ZCGQRefkRVhuOkIGVne7BQ35DSfo1qvJqFg==
  
  escape-string-regexp@^4.0.0:
    version "4.0.0"
    resolved "https://registry.npmjs.org/escape-string-regexp/-/escape-string-regexp-4.0.0.tgz"
    integrity sha512-TtpcNJ3XAzx3Gq8sWRzJaVajRs0uVxA2YAkdb1jm2YkPz4G6egUFAyA3n5vtEIZefPk5Wa4UXbKuS5fKkJWdgA==
  
  eslint-scope@^5.1.1:
    version "5.1.1"
    resolved "https://registry.npmjs.org/eslint-scope/-/eslint-scope-5.1.1.tgz"
    integrity sha512-2NxwbF/hZ0KpepYN0cNbo+FN6XoK7GaHlQhgx/hIZl6Va0bF45RQOOwhLIy8lQDbuCiadSLCBnH2CFYquit5bw==
    dependencies:
      esrecurse "^4.3.0"
      estraverse "^4.1.1"
  
  eslint-utils@^2.1.0:
    version "2.1.0"
    resolved "https://registry.npmjs.org/eslint-utils/-/eslint-utils-2.1.0.tgz"
    integrity sha512-w94dQYoauyvlDc43XnGB8lU3Zt713vNChgt4EWwhXAP2XkBvndfxF0AgIqKOOasjPIPzj9JqgwkwbCYD0/V3Zg==
    dependencies:
      eslint-visitor-keys "^1.1.0"
  
  eslint-visitor-keys@^1.0.0, eslint-visitor-keys@^1.1.0, eslint-visitor-keys@^1.3.0:
    version "1.3.0"
    resolved "https://registry.npmjs.org/eslint-visitor-keys/-/eslint-visitor-keys-1.3.0.tgz"
    integrity sha512-6J72N8UNa462wa/KFODt/PJ3IU60SDpC3QXC1Hjc1BXXpfL2C9R5+AU7jhe0F6GREqVMh4Juu+NY7xn+6dipUQ==
  
  eslint-visitor-keys@^2.0.0:
    version "2.1.0"
    resolved "https://registry.npmjs.org/eslint-visitor-keys/-/eslint-visitor-keys-2.1.0.tgz"
    integrity sha512-0rSmRBzXgDzIsD6mGdJgevzgezI534Cer5L/vyMX0kHzT/jiB43jRhd9YUlMGYLQy2zprNmoT8qasCGtY+QaKw==
  
  eslint@^7.2.0:
    version "7.32.0"
    resolved "https://registry.npmjs.org/eslint/-/eslint-7.32.0.tgz"
    integrity sha512-VHZ8gX+EDfz+97jGcgyGCyRia/dPOd6Xh9yPv8Bl1+SoaIwD+a/vlrOmGRUyOYu7MwUhc7CxqeaDZU13S4+EpA==
    dependencies:
      "@babel/code-frame" "7.12.11"
      "@eslint/eslintrc" "^0.4.3"
      "@humanwhocodes/config-array" "^0.5.0"
      ajv "^6.10.0"
      chalk "^4.0.0"
      cross-spawn "^7.0.2"
      debug "^4.0.1"
      doctrine "^3.0.0"
      enquirer "^2.3.5"
      escape-string-regexp "^4.0.0"
      eslint-scope "^5.1.1"
      eslint-utils "^2.1.0"
      eslint-visitor-keys "^2.0.0"
      espree "^7.3.1"
      esquery "^1.4.0"
      esutils "^2.0.2"
      fast-deep-equal "^3.1.3"
      file-entry-cache "^6.0.1"
      functional-red-black-tree "^1.0.1"
      glob-parent "^5.1.2"
      globals "^13.6.0"
      ignore "^4.0.6"
      import-fresh "^3.0.0"
      imurmurhash "^0.1.4"
      is-glob "^4.0.0"
      js-yaml "^3.13.1"
      json-stable-stringify-without-jsonify "^1.0.1"
      levn "^0.4.1"
      lodash.merge "^4.6.2"
      minimatch "^3.0.4"
      natural-compare "^1.4.0"
      optionator "^0.9.1"
      progress "^2.0.0"
      regexpp "^3.1.0"
      semver "^7.2.1"
      strip-ansi "^6.0.0"
      strip-json-comments "^3.1.0"
      table "^6.0.9"
      text-table "^0.2.0"
      v8-compile-cache "^2.0.3"
  
  espree@^7.3.0, espree@^7.3.1:
    version "7.3.1"
    resolved "https://registry.npmjs.org/espree/-/espree-7.3.1.tgz"
    integrity sha512-v3JCNCE64umkFpmkFGqzVKsOT0tN1Zr+ueqLZfpV1Ob8e+CEgPWa+OxCoGH3tnhimMKIaBm4m/vaRpJ/krRz2g==
    dependencies:
      acorn "^7.4.0"
      acorn-jsx "^5.3.1"
      eslint-visitor-keys "^1.3.0"
  
  esprima@^4.0.0:
    version "4.0.1"
    resolved "https://registry.npmjs.org/esprima/-/esprima-4.0.1.tgz"
    integrity sha512-eGuFFw7Upda+g4p+QHvnW0RyTX/SVeJBDM/gCtMARO0cLuT2HcEKnTPvhjV6aGeqrCB/sbNop0Kszm0jsaWU4A==
  
  esquery@^1.4.0:
    version "1.6.0"
    resolved "https://registry.npmjs.org/esquery/-/esquery-1.6.0.tgz"
    integrity sha512-ca9pw9fomFcKPvFLXhBKUK90ZvGibiGOvRJNbjljY7s7uq/5YO4BOzcYtJqExdx99rF6aAcnRxHmcUHcz6sQsg==
    dependencies:
      estraverse "^5.1.0"
  
  esrecurse@^4.3.0:
    version "4.3.0"
    resolved "https://registry.npmjs.org/esrecurse/-/esrecurse-4.3.0.tgz"
    integrity sha512-KmfKL3b6G+RXvP8N1vr3Tq1kL/oCFgn2NYXEtqP8/L3pKapUA4G8cFVaoF3SU323CD4XypR/ffioHmkti6/Tag==
    dependencies:
      estraverse "^5.2.0"
  
  estraverse@^4.1.1:
    version "4.3.0"
    resolved "https://registry.npmjs.org/estraverse/-/estraverse-4.3.0.tgz"
    integrity sha512-39nnKffWz8xN1BU/2c79n9nB9HDzo0niYUqx6xyqUnyoAnQyyWpOTdZEeiCch8BBu515t4wp9ZmgVfVhn9EBpw==
  
  estraverse@^5.1.0, estraverse@^5.2.0:
    version "5.3.0"
    resolved "https://registry.npmjs.org/estraverse/-/estraverse-5.3.0.tgz"
    integrity sha512-MMdARuVEQziNTeJD8DgMqmhwR11BRQ/cBP+pLtYdSTnf3MIO8fFeiINEbX36ZdNlfU/7A9f3gUw49B3oQsvwBA==
  
  esutils@^2.0.2:
    version "2.0.3"
    resolved "https://registry.npmjs.org/esutils/-/esutils-2.0.3.tgz"
    integrity sha512-kVscqXk4OCp68SZ0dkgEKVi6/8ij300KBWTJq32P/dYeWTSwK41WyTxalN1eRmA5Z9UU/LX9D7FWSmV9SAYx6g==
  
  fast-deep-equal@^3.1.1, fast-deep-equal@^3.1.3:
    version "3.1.3"
    resolved "https://registry.npmjs.org/fast-deep-equal/-/fast-deep-equal-3.1.3.tgz"
    integrity sha512-f3qQ9oQy9j2AhBe/H9VC91wLmKBCCU/gDOnKNAYG5hswO7BLKj09Hc5HYNz9cGI++xlpDCIgDaitVs03ATR84Q==
  
  fast-json-stable-stringify@^2.0.0:
    version "2.1.0"
    resolved "https://registry.npmjs.org/fast-json-stable-stringify/-/fast-json-stable-stringify-2.1.0.tgz"
    integrity sha512-lhd/wF+Lk98HZoTCtlVraHtfh5XYijIjalXck7saUtuanSDyLMxnHhSXEDJqHxD7msR8D0uCmqlkwjCV8xvwHw==
  
  fast-levenshtein@^2.0.6:
    version "2.0.6"
    resolved "https://registry.npmjs.org/fast-levenshtein/-/fast-levenshtein-2.0.6.tgz"
    integrity sha512-DCXu6Ifhqcks7TZKY3Hxp3y6qphY5SJZmrWMDrKcERSOXWQdMhU9Ig/PYrzyw/ul9jOIyh0N4M0tbC5hodg8dw==
  
  fast-uri@^3.0.1:
    version "3.0.6"
    resolved "https://registry.npmjs.org/fast-uri/-/fast-uri-3.0.6.tgz"
    integrity sha512-Atfo14OibSv5wAp4VWNsFYE1AchQRTv9cBGWET4pZWHzYshFSS9NQI6I57rdKn9croWVMbYFbLhJ+yJvmZIIHw==
  
  file-entry-cache@^6.0.1:
    version "6.0.1"
    resolved "https://registry.npmjs.org/file-entry-cache/-/file-entry-cache-6.0.1.tgz"
    integrity sha512-7Gps/XWymbLk2QLYK4NzpMOrYjMhdIxXuIvy2QBsLE6ljuodKvdkWs/cpyJJ3CVIVpH0Oi1Hvg1ovbMzLdFBBg==
    dependencies:
      flat-cache "^3.0.4"
  
  fill-range@^7.1.1:
    version "7.1.1"
    resolved "https://registry.npmjs.org/fill-range/-/fill-range-7.1.1.tgz"
    integrity sha512-YsGpe3WHLK8ZYi4tWDg2Jy3ebRz2rXowDxnld4bkQB00cc/1Zw9AWnC0i9ztDJitivtQvaI9KaLyKrc+hBW0yg==
    dependencies:
      to-regex-range "^5.0.1"
  
  flat-cache@^3.0.4:
    version "3.2.0"
    resolved "https://registry.npmjs.org/flat-cache/-/flat-cache-3.2.0.tgz"
    integrity sha512-CYcENa+FtcUKLmhhqyctpclsq7QF38pKjZHsGNiSQF5r4FtoKDWabFDl3hzaEQMvT1LHEysw5twgLvpYYb4vbw==
    dependencies:
      flatted "^3.2.9"
      keyv "^4.5.3"
      rimraf "^3.0.2"
  
  flatted@^3.2.9:
    version "3.3.3"
    resolved "https://registry.npmjs.org/flatted/-/flatted-3.3.3.tgz"
    integrity sha512-GX+ysw4PBCz0PzosHDepZGANEuFCMLrnRTiEy9McGjmkCQYwRq4A/X786G/fjM/+OjsWSU1ZrY5qyARZmO/uwg==
  
  fs.realpath@^1.0.0:
    version "1.0.0"
    resolved "https://registry.npmjs.org/fs.realpath/-/fs.realpath-1.0.0.tgz"
    integrity sha512-OO0pH2lK6a0hZnAdau5ItzHPI6pUlvI7jMVnxUQRtw4owF2wk8lOSabtGDCTP4Ggrg2MbGnWO9X8K1t4+fGMDw==
  
  function-bind@^1.1.2:
    version "1.1.2"
    resolved "https://registry.npmjs.org/function-bind/-/function-bind-1.1.2.tgz"
    integrity sha512-7XHNxH7qX9xG5mIwxkhumTox/MIRNcOgDrxWsMt2pAr23WHp6MrRlN7FBSFpCpr+oVO0F744iUgR82nJMfG2SA==
  
  functional-red-black-tree@^1.0.1:
    version "1.0.1"
    resolved "https://registry.npmjs.org/functional-red-black-tree/-/functional-red-black-tree-1.0.1.tgz"
    integrity sha512-dsKNQNdj6xA3T+QlADDA7mOSlX0qiMINjn0cgr+eGHGsbSHzTabcIogz2+p/iqP1Xs6EP/sS2SbqH+brGTbq0g==
  
  get-port@^4.2.0:
    version "4.2.0"
    resolved "https://registry.npmjs.org/get-port/-/get-port-4.2.0.tgz"
    integrity sha512-/b3jarXkH8KJoOMQc3uVGHASwGLPq3gSFJ7tgJm2diza+bydJPTGOibin2steecKeOylE8oY2JERlVWkAJO6yw==
  
  glob-parent@^5.1.2:
    version "5.1.2"
    resolved "https://registry.npmjs.org/glob-parent/-/glob-parent-5.1.2.tgz"
    integrity sha512-AOIgSQCepiJYwP3ARnGx+5VnTu2HBYdzbGP45eLw1vr3zB3vZLeyed1sC9hnbcOc9/SrMyM5RPQrkGz4aS9Zow==
    dependencies:
      is-glob "^4.0.1"
  
  glob@^7.1.3:
    version "7.2.3"
    resolved "https://registry.npmjs.org/glob/-/glob-7.2.3.tgz"
    integrity sha512-nFR0zLpU2YCaRxwoCJvL6UvCH2JFyFVIvwTLsIf21AuHlMskA1hhTdk+LlYJtOlYt9v6dvszD2BGRqBL+iQK9Q==
    dependencies:
      fs.realpath "^1.0.0"
      inflight "^1.0.4"
      inherits "2"
      minimatch "^3.1.1"
      once "^1.3.0"
      path-is-absolute "^1.0.0"
  
  globals@^11.1.0:
    version "11.12.0"
    resolved "https://registry.npmjs.org/globals/-/globals-11.12.0.tgz"
    integrity sha512-WOBp/EEGUiIsJSp7wcv/y6MO+lV9UoncWqxuFfm8eBwzWNgyfBd6Gz+IeKQ9jCmyhoH99g15M3T+QaVHFjizVA==
  
  globals@^13.2.0, globals@^13.6.0, globals@^13.9.0:
    version "13.24.0"
    resolved "https://registry.npmjs.org/globals/-/globals-13.24.0.tgz"
    integrity sha512-AhO5QUcj8llrbG09iWhPU2B204J1xnPeL8kQmVorSsy+Sjj1sk8gIyh6cUocGmH4L0UuhAJy+hJMRA4mgA4mFQ==
    dependencies:
      type-fest "^0.20.2"
  
  has-flag@^3.0.0:
    version "3.0.0"
    resolved "https://registry.npmjs.org/has-flag/-/has-flag-3.0.0.tgz"
    integrity sha512-sKJf1+ceQBr4SMkvQnBDNDtf4TXpVhVGateu0t918bl30FnbE2m4vNLX+VWe/dpjlb+HugGYzW7uQXH98HPEYw==
  
  has-flag@^4.0.0:
    version "4.0.0"
    resolved "https://registry.npmjs.org/has-flag/-/has-flag-4.0.0.tgz"
    integrity sha512-EykJT/Q1KjTWctppgIAgfSO0tKVuZUjhgMr17kqTumMl6Afv3EISleU7qZUzoXDFTAHTDC4NOoG/ZxU3EvlMPQ==
  
  hasown@^2.0.2:
    version "2.0.2"
    resolved "https://registry.npmjs.org/hasown/-/hasown-2.0.2.tgz"
    integrity sha512-0hJU9SCPvmMzIBdZFqNPXWa6dqh7WdH0cII9y+CyS8rG3nL48Bclra9HmKhVVUHyPWNH5Y7xDwAB7bfgSjkUMQ==
    dependencies:
      function-bind "^1.1.2"
  
  htmlnano@^2.0.0:
    version "2.1.1"
    resolved "https://registry.npmjs.org/htmlnano/-/htmlnano-2.1.1.tgz"
    integrity sha512-kAERyg/LuNZYmdqgCdYvugyLWNFAm8MWXpQMz1pLpetmCbFwoMxvkSoaAMlFrOC4OKTWI4KlZGT/RsNxg4ghOw==
    dependencies:
      cosmiconfig "^9.0.0"
      posthtml "^0.16.5"
      timsort "^0.3.0"
  
  htmlparser2@^7.1.1:
    version "7.2.0"
    resolved "https://registry.npmjs.org/htmlparser2/-/htmlparser2-7.2.0.tgz"
    integrity sha512-H7MImA4MS6cw7nbyURtLPO1Tms7C5H602LRETv95z1MxO/7CP7rDVROehUYeYBUYEON94NXXDEPmZuq+hX4sog==
    dependencies:
      domelementtype "^2.0.1"
      domhandler "^4.2.2"
      domutils "^2.8.0"
      entities "^3.0.1"
  
  htmlparser2@^9.0.0:
    version "9.1.0"
    resolved "https://registry.npmjs.org/htmlparser2/-/htmlparser2-9.1.0.tgz"
    integrity sha512-5zfg6mHUoaer/97TxnGpxmbR7zJtPwIYFMZ/H5ucTlPZhKvtum05yiPK3Mgai3a0DyVxv7qYqoweaEd2nrYQzQ==
    dependencies:
      domelementtype "^2.3.0"
      domhandler "^5.0.3"
      domutils "^3.1.0"
      entities "^4.5.0"
  
  ignore@^4.0.6:
    version "4.0.6"
    resolved "https://registry.npmjs.org/ignore/-/ignore-4.0.6.tgz"
    integrity sha512-cyFDKrqc/YdcWFniJhzI42+AzS+gNwmUzOSFcRCQYwySuBBBy/KjuxWLZ/FHEH6Moq1NizMOBWyTcv8O4OZIMg==
  
  import-fresh@^3.0.0, import-fresh@^3.2.1, import-fresh@^3.3.0:
    version "3.3.1"
    resolved "https://registry.npmjs.org/import-fresh/-/import-fresh-3.3.1.tgz"
    integrity sha512-TR3KfrTZTYLPB6jUjfx6MF9WcWrHL9su5TObK4ZkYgBdWKPOFoSoQIdEuTuR82pmtxH2spWG9h6etwfr1pLBqQ==
    dependencies:
      parent-module "^1.0.0"
      resolve-from "^4.0.0"
  
  imurmurhash@^0.1.4:
    version "0.1.4"
    resolved "https://registry.npmjs.org/imurmurhash/-/imurmurhash-0.1.4.tgz"
    integrity sha512-JmXMZ6wuvDmLiHEml9ykzqO6lwFbof0GG4IkcGaENdCRDDmMVnny7s5HsIgHCbaq0w2MyPhDqkhTUgS2LU2PHA==
  
  inflight@^1.0.4:
    version "1.0.6"
    resolved "https://registry.npmjs.org/inflight/-/inflight-1.0.6.tgz"
    integrity sha512-k92I/b08q4wvFscXCLvqfsHCrjrF7yiXsQuIVvVE7N82W3+aqpzuUdBbfhWcy/FZR3/4IgflMgKLOsvPDrGCJA==
    dependencies:
      once "^1.3.0"
      wrappy "1"
  
  inherits@2:
    version "2.0.4"
    resolved "https://registry.npmjs.org/inherits/-/inherits-2.0.4.tgz"
    integrity sha512-k/vGaX4/Yla3WzyMCvTQOXYeIHvqOKtnqBduzTHpzpQZzAskKMhZ2K+EnBiSM9zGSoIFeMpXKxa4dYeZIQqewQ==
  
  is-arrayish@^0.2.1:
    version "0.2.1"
    resolved "https://registry.npmjs.org/is-arrayish/-/is-arrayish-0.2.1.tgz"
    integrity sha512-zz06S8t0ozoDXMG+ube26zeCTNXcKIPJZJi8hBrF4idCLms4CG9QtK7qBl1boi5ODzFpjswb5JPmHCbMpjaYzg==
  
  is-core-module@^2.16.0:
    version "2.16.1"
    resolved "https://registry.npmjs.org/is-core-module/-/is-core-module-2.16.1.tgz"
    integrity sha512-UfoeMA6fIJ8wTYFEUjelnaGI67v6+N7qXJEvQuIGa99l4xsCruSYOVSQ0uPANn4dAzm8lkYPaKLrrijLq7x23w==
    dependencies:
      hasown "^2.0.2"
  
  is-extglob@^2.1.1:
    version "2.1.1"
    resolved "https://registry.npmjs.org/is-extglob/-/is-extglob-2.1.1.tgz"
    integrity sha512-SbKbANkN603Vi4jEZv49LeVJMn4yGwsbzZworEoyEiutsN3nJYdbO36zfhGJ6QEDpOZIFkDtnq5JRxmvl3jsoQ==
  
  is-fullwidth-code-point@^3.0.0:
    version "3.0.0"
    resolved "https://registry.npmjs.org/is-fullwidth-code-point/-/is-fullwidth-code-point-3.0.0.tgz"
    integrity sha512-zymm5+u+sCsSWyD9qNaejV3DFvhCKclKdizYaJUuHA83RLjb7nSuGnddCHGv0hk+KY7BMAlsWeK4Ueg6EV6XQg==
  
  is-glob@^4.0.0, is-glob@^4.0.1, is-glob@^4.0.3:
    version "4.0.3"
    resolved "https://registry.npmjs.org/is-glob/-/is-glob-4.0.3.tgz"
    integrity sha512-xelSayHH36ZgE7ZWhli7pW34hNbNl8Ojv5KVmkJD4hBdD3th8Tfk9vYasLM+mXWOZhFkgZfxhLSnrwRr4elSSg==
    dependencies:
      is-extglob "^2.1.1"
  
  is-json@^2.0.1:
    version "2.0.1"
    resolved "https://registry.npmjs.org/is-json/-/is-json-2.0.1.tgz"
    integrity sha512-6BEnpVn1rcf3ngfmViLM6vjUjGErbdrL4rwlv+u1NO1XO8kqT4YGL8+19Q+Z/bas8tY90BTWMk2+fW1g6hQjbA==
  
  is-number@^7.0.0:
    version "7.0.0"
    resolved "https://registry.npmjs.org/is-number/-/is-number-7.0.0.tgz"
    integrity sha512-41Cifkg6e8TylSpdtTpeLVMqvSBEVzTttHvERD741+pnZ8ANv0004MRL43QKPDlK9cGvNp6NZWZUBlbGXYxxng==
  
  isexe@^2.0.0:
    version "2.0.0"
    resolved "https://registry.npmjs.org/isexe/-/isexe-2.0.0.tgz"
    integrity sha512-RHxMLp9lnKHGHRng9QFhRCMbYAcVpn69smSGcq3f36xjgVVWThj4qqLbTLlq7Ssj8B+fIQ1EuCEGI2lKsyQeIw==
  
  js-tokens@^4.0.0:
    version "4.0.0"
    resolved "https://registry.npmjs.org/js-tokens/-/js-tokens-4.0.0.tgz"
    integrity sha512-RdJUflcE3cUzKiMqQgsCu06FPu9UdIJO0beYbPhHN4k6apgJtifcoCtT9bcxOpYBtpD2kCM6Sbzg4CausW/PKQ==
  
  js-yaml@^3.13.1:
    version "3.14.1"
    resolved "https://registry.npmjs.org/js-yaml/-/js-yaml-3.14.1.tgz"
    integrity sha512-okMH7OXXJ7YrN9Ok3/SXrnu4iX9yOk+25nqX4imS2npuvTYDmo/QEZoqwZkYaIDk3jVvBOTOIEgEhaLOynBS9g==
    dependencies:
      argparse "^1.0.7"
      esprima "^4.0.0"
  
  js-yaml@^4.1.0:
    version "4.1.0"
    resolved "https://registry.npmjs.org/js-yaml/-/js-yaml-4.1.0.tgz"
    integrity sha512-wpxZs9NoxZaJESJGIZTyDEaYpl0FKSA+FB9aJiyemKhMwkxQg63h4T1KJgUGHpTqPDNRcmmYLugrRjJlBtWvRA==
    dependencies:
      argparse "^2.0.1"
  
  jsesc@^3.0.2:
    version "3.1.0"
    resolved "https://registry.npmjs.org/jsesc/-/jsesc-3.1.0.tgz"
    integrity sha512-/sM3dO2FOzXjKQhJuo0Q173wf2KOo8t4I8vHy6lF9poUp7bKT0/NHE8fPX23PwfhnykfqnC2xRxOnVw5XuGIaA==
  
  json-buffer@3.0.1:
    version "3.0.1"
    resolved "https://registry.npmjs.org/json-buffer/-/json-buffer-3.0.1.tgz"
    integrity sha512-4bV5BfR2mqfQTJm+V5tPPdf+ZpuhiIvTuAB5g8kcrXOZpTT/QwwVRWBywX1ozr6lEuPdbHxwaJlm9G6mI2sfSQ==
  
  json-parse-even-better-errors@^2.3.0:
    version "2.3.1"
    resolved "https://registry.npmjs.org/json-parse-even-better-errors/-/json-parse-even-better-errors-2.3.1.tgz"
    integrity sha512-xyFwyhro/JEof6Ghe2iz2NcXoj2sloNsWr/XsERDK/oiPCfaNhl5ONfp+jQdAZRQQ0IJWNzH9zIZF7li91kh2w==
  
  json-schema-traverse@^0.4.1:
    version "0.4.1"
    resolved "https://registry.npmjs.org/json-schema-traverse/-/json-schema-traverse-0.4.1.tgz"
    integrity sha512-xbbCH5dCYU5T8LcEhhuh7HJ88HXuW3qsI3Y0zOZFKfZEHcpWiHU/Jxzk629Brsab/mMiHQti9wMP+845RPe3Vg==
  
  json-schema-traverse@^1.0.0:
    version "1.0.0"
    resolved "https://registry.npmjs.org/json-schema-traverse/-/json-schema-traverse-1.0.0.tgz"
    integrity sha512-NM8/P9n3XjXhIZn1lLhkFaACTOURQXjWhV4BA/RnOv8xvgqtqpAX9IO4mRQxSx1Rlo4tqzeqb0sOlruaOy3dug==
  
  json-stable-stringify-without-jsonify@^1.0.1:
    version "1.0.1"
    resolved "https://registry.npmjs.org/json-stable-stringify-without-jsonify/-/json-stable-stringify-without-jsonify-1.0.1.tgz"
    integrity sha512-Bdboy+l7tA3OGW6FjyFHWkP5LuByj1Tk33Ljyq0axyzdk9//JSi2u3fP1QSmd1KNwq6VOKYGlAu87CisVir6Pw==
  
  json5@^2.2.0, json5@^2.2.1:
    version "2.2.3"
    resolved "https://registry.npmjs.org/json5/-/json5-2.2.3.tgz"
    integrity sha512-XmOWe7eyHYH14cLdVPoyg+GOH3rYX++KpzrylJwSW98t3Nk+U8XOl8FWKOgwtzdb8lXGf6zYwDUzeHMWfxasyg==
  
  keyv@^4.5.3:
    version "4.5.4"
    resolved "https://registry.npmjs.org/keyv/-/keyv-4.5.4.tgz"
    integrity sha512-oxVHkHR/EJf2CNXnWxRLW6mg7JyCCUcG0DtEGmL2ctUo1PNTin1PUil+r/+4r5MpVgC/fn1kjsx7mjSujKqIpw==
    dependencies:
      json-buffer "3.0.1"
  
  levn@^0.4.1:
    version "0.4.1"
    resolved "https://registry.npmjs.org/levn/-/levn-0.4.1.tgz"
    integrity sha512-+bT2uH4E5LGE7h/n3evcS/sQlJXCpIp6ym8OWJ5eV6+67Dsql/LaaT7qJBAt2rzfoa/5QBGBhxDix1dMt2kQKQ==
    dependencies:
      prelude-ls "^1.2.1"
      type-check "~0.4.0"
  
  lightningcss-darwin-arm64@1.29.3:
    version "1.29.3"
    resolved "https://registry.yarnpkg.com/lightningcss-darwin-arm64/-/lightningcss-darwin-arm64-1.29.3.tgz#5a70c0518bbc5b48f229a85ec07d2aca0a19b5a6"
    integrity sha512-fb7raKO3pXtlNbQbiMeEu8RbBVHnpyqAoxTyTRMEWFQWmscGC2wZxoHzZ+YKAepUuKT9uIW5vL2QbFivTgprZg==
  
  lightningcss-darwin-x64@1.29.3:
    version "1.29.3"
    resolved "https://registry.yarnpkg.com/lightningcss-darwin-x64/-/lightningcss-darwin-x64-1.29.3.tgz#2823ca2274eb0a2dfa26090b5c7c367ee9b1b88f"
    integrity sha512-KF2XZ4ZdmDGGtEYmx5wpzn6u8vg7AdBHaEOvDKu8GOs7xDL/vcU2vMKtTeNe1d4dogkDdi3B9zC77jkatWBwEQ==
  
  lightningcss-freebsd-x64@1.29.3:
    version "1.29.3"
    resolved "https://registry.yarnpkg.com/lightningcss-freebsd-x64/-/lightningcss-freebsd-x64-1.29.3.tgz#a777474c2747ec04ca99e66fe0a94d71f643e6e3"
    integrity sha512-VUWeVf+V1UM54jv9M4wen9vMlIAyT69Krl9XjI8SsRxz4tdNV/7QEPlW6JASev/pYdiynUCW0pwaFquDRYdxMw==
  
  lightningcss-linux-arm-gnueabihf@1.29.3:
    version "1.29.3"
    resolved "https://registry.yarnpkg.com/lightningcss-linux-arm-gnueabihf/-/lightningcss-linux-arm-gnueabihf-1.29.3.tgz#012e42661f26a4b61fffa1c61ee4022a5179aa5a"
    integrity sha512-UhgZ/XVNfXQVEJrMIWeK1Laj8KbhjbIz7F4znUk7G4zeGw7TRoJxhb66uWrEsonn1+O45w//0i0Fu0wIovYdYg==
  
  lightningcss-linux-arm64-gnu@1.29.3:
    version "1.29.3"
    resolved "https://registry.yarnpkg.com/lightningcss-linux-arm64-gnu/-/lightningcss-linux-arm64-gnu-1.29.3.tgz#b376082fbf9c21a67bdbb325f6acaba2ff07117d"
    integrity sha512-Pqau7jtgJNmQ/esugfmAT1aCFy/Gxc92FOxI+3n+LbMHBheBnk41xHDhc0HeYlx9G0xP5tK4t0Koy3QGGNqypw==
  
  lightningcss-linux-arm64-musl@1.29.3:
    version "1.29.3"
    resolved "https://registry.yarnpkg.com/lightningcss-linux-arm64-musl/-/lightningcss-linux-arm64-musl-1.29.3.tgz#038e2088b6594d27244f7e00463b448b5edc2139"
    integrity sha512-dxakOk66pf7KLS7VRYFO7B8WOJLecE5OPL2YOk52eriFd/yeyxt2Km5H0BjLfElokIaR+qWi33gB8MQLrdAY3A==
  
  lightningcss-linux-x64-gnu@1.29.3:
    version "1.29.3"
    resolved "https://registry.npmjs.org/lightningcss-linux-x64-gnu/-/lightningcss-linux-x64-gnu-1.29.3.tgz"
    integrity sha512-ySZTNCpbfbK8rqpKJeJR2S0g/8UqqV3QnzcuWvpI60LWxnFN91nxpSSwCbzfOXkzKfar9j5eOuOplf+klKtINg==
  
  lightningcss-linux-x64-musl@1.29.3:
    version "1.29.3"
    resolved "https://registry.npmjs.org/lightningcss-linux-x64-musl/-/lightningcss-linux-x64-musl-1.29.3.tgz"
    integrity sha512-3pVZhIzW09nzi10usAXfIGTTSTYQ141dk88vGFNCgawIzayiIzZQxEcxVtIkdvlEq2YuFsL9Wcj/h61JHHzuFQ==
  
  lightningcss-win32-arm64-msvc@1.29.3:
    version "1.29.3"
    resolved "https://registry.yarnpkg.com/lightningcss-win32-arm64-msvc/-/lightningcss-win32-arm64-msvc-1.29.3.tgz#7a6d1c121e81d6796a7ed92ec8db971b8f67ddf5"
    integrity sha512-VRnkAvtIkeWuoBJeGOTrZxsNp4HogXtcaaLm8agmbYtLDOhQdpgxW6NjZZjDXbvGF+eOehGulXZ3C1TiwHY4QQ==
  
  lightningcss-win32-x64-msvc@1.29.3:
    version "1.29.3"
    resolved "https://registry.yarnpkg.com/lightningcss-win32-x64-msvc/-/lightningcss-win32-x64-msvc-1.29.3.tgz#0a46911cf8804e7df15440eac9e91d3f95c53b8b"
    integrity sha512-IszwRPu2cPnDQsZpd7/EAr0x2W7jkaWqQ1SwCVIZ/tSbZVXPLt6k8s6FkcyBjViCzvB5CW0We0QbbP7zp2aBjQ==
  
  lightningcss@^1.22.1:
    version "1.29.3"
    resolved "https://registry.npmjs.org/lightningcss/-/lightningcss-1.29.3.tgz"
    integrity sha512-GlOJwTIP6TMIlrTFsxTerwC0W6OpQpCGuX1ECRLBUVRh6fpJH3xTqjCjRgQHTb4ZXexH9rtHou1Lf03GKzmhhQ==
    dependencies:
      detect-libc "^2.0.3"
    optionalDependencies:
      lightningcss-darwin-arm64 "1.29.3"
      lightningcss-darwin-x64 "1.29.3"
      lightningcss-freebsd-x64 "1.29.3"
      lightningcss-linux-arm-gnueabihf "1.29.3"
      lightningcss-linux-arm64-gnu "1.29.3"
      lightningcss-linux-arm64-musl "1.29.3"
      lightningcss-linux-x64-gnu "1.29.3"
      lightningcss-linux-x64-musl "1.29.3"
      lightningcss-win32-arm64-msvc "1.29.3"
      lightningcss-win32-x64-msvc "1.29.3"
  
  lines-and-columns@^1.1.6:
    version "1.2.4"
    resolved "https://registry.npmjs.org/lines-and-columns/-/lines-and-columns-1.2.4.tgz"
    integrity sha512-7ylylesZQ/PV29jhEDl3Ufjo6ZX7gCqJr5F7PKrqc93v7fzSymt1BpwEU8nAUXs8qzzvqhbjhK5QZg6Mt/HkBg==
  
  lmdb@2.8.5:
    version "2.8.5"
    resolved "https://registry.npmjs.org/lmdb/-/lmdb-2.8.5.tgz"
    integrity sha512-9bMdFfc80S+vSldBmG3HOuLVHnxRdNTlpzR6QDnzqCQtCzGUEAGTzBKYMeIM+I/sU4oZfgbcbS7X7F65/z/oxQ==
    dependencies:
      msgpackr "^1.9.5"
      node-addon-api "^6.1.0"
      node-gyp-build-optional-packages "5.1.1"
      ordered-binary "^1.4.1"
      weak-lru-cache "^1.2.2"
    optionalDependencies:
      "@lmdb/lmdb-darwin-arm64" "2.8.5"
      "@lmdb/lmdb-darwin-x64" "2.8.5"
      "@lmdb/lmdb-linux-arm" "2.8.5"
      "@lmdb/lmdb-linux-arm64" "2.8.5"
      "@lmdb/lmdb-linux-x64" "2.8.5"
      "@lmdb/lmdb-win32-x64" "2.8.5"
  
  lodash.merge@^4.6.2:
    version "4.6.2"
    resolved "https://registry.npmjs.org/lodash.merge/-/lodash.merge-4.6.2.tgz"
    integrity sha512-0KpjqXRVvrYyCsX1swR/XTK0va6VQkQM6MNo7PqW77ByjAhoARA8EfrP1N4+KlKj8YS0ZUCtRT/YUuhyYDujIQ==
  
  lodash.truncate@^4.4.2:
    version "4.4.2"
    resolved "https://registry.npmjs.org/lodash.truncate/-/lodash.truncate-4.4.2.tgz"
    integrity sha512-jttmRe7bRse52OsWIMDLaXxWqRAmtIUccAQ3garviCqJjafXOfNMO0yMfNpdD6zbGaTU0P5Nz7e7gAT6cKmJRw==
  
  micromatch@^4.0.5:
    version "4.0.8"
    resolved "https://registry.npmjs.org/micromatch/-/micromatch-4.0.8.tgz"
    integrity sha512-PXwfBhYu0hBCPw8Dn0E+WDYb7af3dSLVWKi3HGv84IdF4TyFoC0ysxFd0Goxw7nSv4T/PzEJQxsYsEiFCKo2BA==
    dependencies:
      braces "^3.0.3"
      picomatch "^2.3.1"
  
  minimatch@^3.0.4, minimatch@^3.1.1:
    version "3.1.2"
    resolved "https://registry.npmjs.org/minimatch/-/minimatch-3.1.2.tgz"
    integrity sha512-J7p63hRiAjw1NDEww1W7i37+ByIrOWO5XQQAzZ3VOcL0PNybwpfmV/N05zFAzwQ9USyEcX6t3UO+K5aqBQOIHw==
    dependencies:
      brace-expansion "^1.1.7"
  
  ms@^2.1.3:
    version "2.1.3"
    resolved "https://registry.npmjs.org/ms/-/ms-2.1.3.tgz"
    integrity sha512-6FlzubTLZG3J2a/NVCAleEhjzq5oxgHyaCU9yYXvcLsvoVaHJq/s5xXI6/XXP6tz7R9xAOtHnSO/tXtF3WRTlA==
  
  msgpackr-extract@^3.0.2:
    version "3.0.3"
    resolved "https://registry.npmjs.org/msgpackr-extract/-/msgpackr-extract-3.0.3.tgz"
    integrity sha512-P0efT1C9jIdVRefqjzOQ9Xml57zpOXnIuS+csaB4MdZbTdmGDLo8XhzBG1N7aO11gKDDkJvBLULeFTo46wwreA==
    dependencies:
      node-gyp-build-optional-packages "5.2.2"
    optionalDependencies:
      "@msgpackr-extract/msgpackr-extract-darwin-arm64" "3.0.3"
      "@msgpackr-extract/msgpackr-extract-darwin-x64" "3.0.3"
      "@msgpackr-extract/msgpackr-extract-linux-arm" "3.0.3"
      "@msgpackr-extract/msgpackr-extract-linux-arm64" "3.0.3"
      "@msgpackr-extract/msgpackr-extract-linux-x64" "3.0.3"
      "@msgpackr-extract/msgpackr-extract-win32-x64" "3.0.3"
  
  msgpackr@^1.9.5, msgpackr@^1.9.9:
    version "1.11.2"
    resolved "https://registry.npmjs.org/msgpackr/-/msgpackr-1.11.2.tgz"
    integrity sha512-F9UngXRlPyWCDEASDpTf6c9uNhGPTqnTeLVt7bN+bU1eajoR/8V9ys2BRaV5C/e5ihE6sJ9uPIKaYt6bFuO32g==
    optionalDependencies:
      msgpackr-extract "^3.0.2"
  
  natural-compare@^1.4.0:
    version "1.4.0"
    resolved "https://registry.npmjs.org/natural-compare/-/natural-compare-1.4.0.tgz"
    integrity sha512-OWND8ei3VtNC9h7V60qff3SVobHr996CTwgxubgyQYEpg290h9J0buyECNNJexkFm5sOajh5G116RYA1c8ZMSw==
  
  node-addon-api@^6.1.0:
    version "6.1.0"
    resolved "https://registry.npmjs.org/node-addon-api/-/node-addon-api-6.1.0.tgz"
    integrity sha512-+eawOlIgy680F0kBzPUNFhMZGtJ1YmqM6l4+Crf4IkImjYrO/mqPwRMh352g23uIaQKFItcQ64I7KMaJxHgAVA==
  
  node-addon-api@^7.0.0:
    version "7.1.1"
    resolved "https://registry.npmjs.org/node-addon-api/-/node-addon-api-7.1.1.tgz"
    integrity sha512-5m3bsyrjFWE1xf7nz7YXdN4udnVtXK6/Yfgn5qnahL6bCkf2yKt4k3nuTKAtT4r3IG8JNR2ncsIMdZuAzJjHQQ==
  
  node-gyp-build-optional-packages@5.1.1:
    version "5.1.1"
    resolved "https://registry.npmjs.org/node-gyp-build-optional-packages/-/node-gyp-build-optional-packages-5.1.1.tgz"
    integrity sha512-+P72GAjVAbTxjjwUmwjVrqrdZROD4nf8KgpBoDxqXXTiYZZt/ud60dE5yvCSr9lRO8e8yv6kgJIC0K0PfZFVQw==
    dependencies:
      detect-libc "^2.0.1"
  
  node-gyp-build-optional-packages@5.2.2:
    version "5.2.2"
    resolved "https://registry.npmjs.org/node-gyp-build-optional-packages/-/node-gyp-build-optional-packages-5.2.2.tgz"
    integrity sha512-s+w+rBWnpTMwSFbaE0UXsRlg7hU4FjekKU4eyAih5T8nJuNZT1nNsskXpxmeqSK9UzkBl6UgRlnKc8hz8IEqOw==
    dependencies:
      detect-libc "^2.0.1"
  
  node-releases@^2.0.19:
    version "2.0.19"
    resolved "https://registry.npmjs.org/node-releases/-/node-releases-2.0.19.tgz"
    integrity sha512-xxOWJsBKtzAq7DY0J+DTzuz58K8e7sJbdgwkbMWQe8UYB6ekmsQ45q0M/tJDsGaZmbC+l7n57UV8Hl5tHxO9uw==
  
  nullthrows@^1.1.1:
    version "1.1.1"
    resolved "https://registry.npmjs.org/nullthrows/-/nullthrows-1.1.1.tgz"
    integrity sha512-2vPPEi+Z7WqML2jZYddDIfy5Dqb0r2fze2zTxNNknZaFpVHU3mFB3R+DWeJWGVx0ecvttSGlJTI+WG+8Z4cDWw==
  
  once@^1.3.0:
    version "1.4.0"
    resolved "https://registry.npmjs.org/once/-/once-1.4.0.tgz"
    integrity sha512-lNaJgI+2Q5URQBkccEKHTQOPaXdUxnZZElQTZY0MFUAuaEqe1E+Nyvgdz/aIyNi6Z9MzO5dv1H8n58/GELp3+w==
    dependencies:
      wrappy "1"
  
  optionator@^0.9.1:
    version "0.9.4"
    resolved "https://registry.npmjs.org/optionator/-/optionator-0.9.4.tgz"
    integrity sha512-6IpQ7mKUxRcZNLIObR0hz7lxsapSSIYNZJwXPGeF0mTVqGKFIXj1DQcMoT22S3ROcLyY/rz0PWaWZ9ayWmad9g==
    dependencies:
      deep-is "^0.1.3"
      fast-levenshtein "^2.0.6"
      levn "^0.4.1"
      prelude-ls "^1.2.1"
      type-check "^0.4.0"
      word-wrap "^1.2.5"
  
  ordered-binary@^1.4.1:
    version "1.5.3"
    resolved "https://registry.npmjs.org/ordered-binary/-/ordered-binary-1.5.3.tgz"
    integrity sha512-oGFr3T+pYdTGJ+YFEILMpS3es+GiIbs9h/XQrclBXUtd44ey7XwfsMzM31f64I1SQOawDoDr/D823kNCADI8TA==
  
  parcel@^2.0.0:
    version "2.14.1"
    resolved "https://registry.npmjs.org/parcel/-/parcel-2.14.1.tgz"
    integrity sha512-fkqepRAxXBDPrI0omfbG2AInCGJVyxlBqVPxc/+qsW+JbyIED0ZgPgSCpvLuzTW00A2LO1/4k6oDWvTU2D84Dw==
    dependencies:
      "@parcel/config-default" "2.14.1"
      "@parcel/core" "2.14.1"
      "@parcel/diagnostic" "2.14.1"
      "@parcel/events" "2.14.1"
      "@parcel/feature-flags" "2.14.1"
      "@parcel/fs" "2.14.1"
      "@parcel/logger" "2.14.1"
      "@parcel/package-manager" "2.14.1"
      "@parcel/reporter-cli" "2.14.1"
      "@parcel/reporter-dev-server" "2.14.1"
      "@parcel/reporter-tracer" "2.14.1"
      "@parcel/utils" "2.14.1"
      chalk "^4.1.2"
      commander "^12.1.0"
      get-port "^4.2.0"
  
  parent-module@^1.0.0:
    version "1.0.1"
    resolved "https://registry.npmjs.org/parent-module/-/parent-module-1.0.1.tgz"
    integrity sha512-GQ2EWRpQV8/o+Aw8YqtfZZPfNRWZYkbidE9k5rpl/hC3vtHHBfGm2Ifi6qWV+coDGkrUKZAxE3Lot5kcsRlh+g==
    dependencies:
      callsites "^3.0.0"
  
  parse-json@^5.2.0:
    version "5.2.0"
    resolved "https://registry.npmjs.org/parse-json/-/parse-json-5.2.0.tgz"
    integrity sha512-ayCKvm/phCGxOkYRSCM82iDwct8/EonSEgCSxWxD7ve6jHggsFl4fZVQBPRNgQoKiuV/odhFrGzQXZwbifC8Rg==
    dependencies:
      "@babel/code-frame" "^7.0.0"
      error-ex "^1.3.1"
      json-parse-even-better-errors "^2.3.0"
      lines-and-columns "^1.1.6"
  
  path-is-absolute@^1.0.0:
    version "1.0.1"
    resolved "https://registry.npmjs.org/path-is-absolute/-/path-is-absolute-1.0.1.tgz"
    integrity sha512-AVbw3UJ2e9bq64vSaS9Am0fje1Pa8pbGqTTsmXfaIiMpnr5DlDhfJOuLj9Sf95ZPVDAUerDfEk88MPmPe7UCQg==
  
  path-key@^3.1.0:
    version "3.1.1"
    resolved "https://registry.npmjs.org/path-key/-/path-key-3.1.1.tgz"
    integrity sha512-ojmeN0qd+y0jszEtoY48r0Peq5dwMEkIlCOu6Q5f41lfkswXuKtYrhgoTpLnyIcHm24Uhqx+5Tqm2InSwLhE6Q==
  
  path-parse@^1.0.7:
    version "1.0.7"
    resolved "https://registry.npmjs.org/path-parse/-/path-parse-1.0.7.tgz"
    integrity sha512-LDJzPVEEEPR+y48z93A0Ed0yXb8pAByGWo/k5YYdYgpY2/2EsOsksJrq7lOHxryrVOn1ejG6oAp8ahvOIQD8sw==
  
  picocolors@^1.0.0, picocolors@^1.1.1:
    version "1.1.1"
    resolved "https://registry.npmjs.org/picocolors/-/picocolors-1.1.1.tgz"
    integrity sha512-xceH2snhtb5M9liqDsmEw56le376mTZkEX/jEb/RxNFyegNul7eNslCXP9FDj/Lcu0X8KEyMceP2ntpaHrDEVA==
  
  picomatch@^2.3.1:
    version "2.3.1"
    resolved "https://registry.npmjs.org/picomatch/-/picomatch-2.3.1.tgz"
    integrity sha512-JU3teHTNjmE2VCGFzuY8EXzCDVwEqB2a8fsIvwaStHhAWJEeVd1o1QD80CU6+ZdEXXSLbSsuLwJjkCBWqRQUVA==
  
  postcss-value-parser@^4.2.0:
    version "4.2.0"
    resolved "https://registry.npmjs.org/postcss-value-parser/-/postcss-value-parser-4.2.0.tgz"
    integrity sha512-1NNCs6uurfkVbeXG4S8JFT9t19m45ICnif8zWLd5oPSZ50QnwMfK+H3jv408d4jw/7Bttv5axS5IiHoLaVNHeQ==
  
  posthtml-parser@^0.11.0:
    version "0.11.0"
    resolved "https://registry.npmjs.org/posthtml-parser/-/posthtml-parser-0.11.0.tgz"
    integrity sha512-QecJtfLekJbWVo/dMAA+OSwY79wpRmbqS5TeXvXSX+f0c6pW4/SE6inzZ2qkU7oAMCPqIDkZDvd/bQsSFUnKyw==
    dependencies:
      htmlparser2 "^7.1.1"
  
  posthtml-parser@^0.12.1:
    version "0.12.1"
    resolved "https://registry.npmjs.org/posthtml-parser/-/posthtml-parser-0.12.1.tgz"
    integrity sha512-rYFmsDLfYm+4Ts2Oh4DCDSZPtdC1BLnRXAobypVzX9alj28KGl65dIFtgDY9zB57D0TC4Qxqrawuq/2et1P0GA==
    dependencies:
      htmlparser2 "^9.0.0"
  
  posthtml-render@^3.0.0:
    version "3.0.0"
    resolved "https://registry.npmjs.org/posthtml-render/-/posthtml-render-3.0.0.tgz"
    integrity sha512-z+16RoxK3fUPgwaIgH9NGnK1HKY9XIDpydky5eQGgAFVXTCSezalv9U2jQuNV+Z9qV1fDWNzldcw4eK0SSbqKA==
    dependencies:
      is-json "^2.0.1"
  
  posthtml@^0.16.4, posthtml@^0.16.5:
    version "0.16.6"
    resolved "https://registry.npmjs.org/posthtml/-/posthtml-0.16.6.tgz"
    integrity sha512-JcEmHlyLK/o0uGAlj65vgg+7LIms0xKXe60lcDOTU7oVX/3LuEuLwrQpW3VJ7de5TaFKiW4kWkaIpJL42FEgxQ==
    dependencies:
      posthtml-parser "^0.11.0"
      posthtml-render "^3.0.0"
  
  postprocessing@^6.37.1:
    version "6.37.1"
    resolved "https://registry.npmjs.org/postprocessing/-/postprocessing-6.37.1.tgz"
    integrity sha512-fZszlSB8j+PaxtS8g4qMxdj+ifzvoCPnbHSOjclTlr4mbhd6/huQqOViM6lhhPIrW2fiZc+IRcnReoKYvyMwNg==
  
  prelude-ls@^1.2.1:
    version "1.2.1"
    resolved "https://registry.npmjs.org/prelude-ls/-/prelude-ls-1.2.1.tgz"
    integrity sha512-vkcDPrRZo1QZLbn5RLGPpg/WmIQ65qoWWhcGKf/b5eplkkarX0m9z8ppCat4mlOqUsWpyNuYgO3VRyrYHSzX5g==
  
  progress@^2.0.0:
    version "2.0.3"
    resolved "https://registry.npmjs.org/progress/-/progress-2.0.3.tgz"
    integrity sha512-7PiHtLll5LdnKIMw100I+8xJXR5gW2QwWYkT6iJva0bXitZKa/XMrSbdmg3r2Xnaidz9Qumd0VPaMrZlF9V9sA==
  
  punycode@^2.1.0:
    version "2.3.1"
    resolved "https://registry.npmjs.org/punycode/-/punycode-2.3.1.tgz"
    integrity sha512-vYt7UD1U9Wg6138shLtLOvdAu+8DsC/ilFtEVHcH+wydcSpNE20AfSOduf6MkRFahL5FY7X1oU7nKVZFtfq8Fg==
  
  "react-refresh@>=0.9 <=0.16":
    version "0.16.0"
    resolved "https://registry.npmjs.org/react-refresh/-/react-refresh-0.16.0.tgz"
    integrity sha512-FPvF2XxTSikpJxcr+bHut2H4gJ17+18Uy20D5/F+SKzFap62R3cM5wH6b8WN3LyGSYeQilLEcJcR1fjBSI2S1A==
  
  regenerator-runtime@^0.14.1:
    version "0.14.1"
    resolved "https://registry.npmjs.org/regenerator-runtime/-/regenerator-runtime-0.14.1.tgz"
    integrity sha512-dYnhHh0nJoMfnkZs6GmmhFknAGRrLznOu5nc9ML+EJxGvrx6H7teuevqVqCuPcPK//3eDrrjQhehXVx9cnkGdw==
  
  regexpp@^3.1.0:
    version "3.2.0"
    resolved "https://registry.npmjs.org/regexpp/-/regexpp-3.2.0.tgz"
    integrity sha512-pq2bWo9mVD43nbts2wGv17XLiNLya+GklZ8kaDLV2Z08gDCsGpnKn9BFMepvWuHCbyVvY7J5o5+BVvoQbmlJLg==
  
  require-from-string@^2.0.2:
    version "2.0.2"
    resolved "https://registry.npmjs.org/require-from-string/-/require-from-string-2.0.2.tgz"
    integrity sha512-Xf0nWe6RseziFMu+Ap9biiUbmplq6S9/p+7w7YXP/JBHhrUDDUhwa+vANyubuqfZWTveU//DYVGsDG7RKL/vEw==
  
  resolve-from@^4.0.0:
    version "4.0.0"
    resolved "https://registry.npmjs.org/resolve-from/-/resolve-from-4.0.0.tgz"
    integrity sha512-pb/MYmXstAkysRFx8piNI1tGFNQIFA3vkE3Gq4EuA1dF6gHp/+vgZqsCGJapvy8N3Q+4o7FwvquPJcnZ7RYy4g==
  
  resolve@^1.12.0:
    version "1.22.10"
    resolved "https://registry.npmjs.org/resolve/-/resolve-1.22.10.tgz"
    integrity sha512-NPRy+/ncIMeDlTAsuqwKIiferiawhefFJtkNSW0qZJEqMEb+qBt/77B/jGeeek+F0uOeN05CDa6HXbbIgtVX4w==
    dependencies:
      is-core-module "^2.16.0"
      path-parse "^1.0.7"
      supports-preserve-symlinks-flag "^1.0.0"
  
  rimraf@^3.0.2:
    version "3.0.2"
    resolved "https://registry.npmjs.org/rimraf/-/rimraf-3.0.2.tgz"
    integrity sha512-JZkJMZkAGFFPP2YqXZXPbMlMBgsxzE8ILs4lMIX/2o0L9UBw9O/Y3o6wFw/i9YLapcUJWwqbi3kdxIPdC62TIA==
    dependencies:
      glob "^7.1.3"
  
  safe-buffer@^5.0.1:
    version "5.2.1"
    resolved "https://registry.npmjs.org/safe-buffer/-/safe-buffer-5.2.1.tgz"
    integrity sha512-rp3So07KcdmmKbGvgaNxQSJr7bGVSVk5S9Eq1F+ppbRo70+YeaDxkw5Dd8NPN+GD6bjnYm2VuPuCXmpuYvmCXQ==
  
  semver@^7.2.1, semver@^7.5.2:
    version "7.7.1"
    resolved "https://registry.npmjs.org/semver/-/semver-7.7.1.tgz"
    integrity sha512-hlq8tAfn0m/61p4BVRcPzIGr6LKiMwo4VM6dGi6pt4qcRkmNzTcWq6eCEjEh+qXjkMDvPlOFFSGwQjoEa6gyMA==
  
  shebang-command@^2.0.0:
    version "2.0.0"
    resolved "https://registry.npmjs.org/shebang-command/-/shebang-command-2.0.0.tgz"
    integrity sha512-kHxr2zZpYtdmrN1qDjrrX/Z1rR1kG8Dx+gkpK1G4eXmvXswmcE1hTWBWYUzlraYw1/yZp6YuDY77YtvbN0dmDA==
    dependencies:
      shebang-regex "^3.0.0"
  
  shebang-regex@^3.0.0:
    version "3.0.0"
    resolved "https://registry.npmjs.org/shebang-regex/-/shebang-regex-3.0.0.tgz"
    integrity sha512-7++dFhtcx3353uBaq8DDR4NuxBetBzC7ZQOhmTQInHEd6bSrXdiEyzCvG07Z44UYdLShWUyXt5M/yhz8ekcb1A==
  
  slice-ansi@^4.0.0:
    version "4.0.0"
    resolved "https://registry.npmjs.org/slice-ansi/-/slice-ansi-4.0.0.tgz"
    integrity sha512-qMCMfhY040cVHT43K9BFygqYbUPFZKHOg7K73mtTWJRb8pyP3fzf4Ixd5SzdEJQ6MRUg/WBnOLxghZtKKurENQ==
    dependencies:
      ansi-styles "^4.0.0"
      astral-regex "^2.0.0"
      is-fullwidth-code-point "^3.0.0"
  
  sprintf-js@~1.0.2:
    version "1.0.3"
    resolved "https://registry.npmjs.org/sprintf-js/-/sprintf-js-1.0.3.tgz"
    integrity sha512-D9cPgkvLlV3t3IzL0D0YLvGA9Ahk4PcvVwUbN0dSGr1aP0Nrt4AEnTUbuGvquEC0mA64Gqt1fzirlRs5ibXx8g==
  
  srcset@4:
    version "4.0.0"
    resolved "https://registry.npmjs.org/srcset/-/srcset-4.0.0.tgz"
    integrity sha512-wvLeHgcVHKO8Sc/H/5lkGreJQVeYMm9rlmt8PuR1xE31rIuXhuzznUUqAt8MqLhB3MqJdFzlNAfpcWnxiFUcPw==
  
  string-width@^4.2.3:
    version "4.2.3"
    resolved "https://registry.npmjs.org/string-width/-/string-width-4.2.3.tgz"
    integrity sha512-wKyQRQpjJ0sIp62ErSZdGsjMJWsap5oRNihHhu6G7JVO/9jIB6UyevL+tXuOqrng8j/cxKTWyWUwvSTriiZz/g==
    dependencies:
      emoji-regex "^8.0.0"
      is-fullwidth-code-point "^3.0.0"
      strip-ansi "^6.0.1"
  
  strip-ansi@^6.0.0, strip-ansi@^6.0.1:
    version "6.0.1"
    resolved "https://registry.npmjs.org/strip-ansi/-/strip-ansi-6.0.1.tgz"
    integrity sha512-Y38VPSHcqkFrCpFnQ9vuSXmquuv5oXOKpGeT6aGrr3o3Gc9AlVa6JBfUSOCnbxGGZF+/0ooI7KrPuUSztUdU5A==
    dependencies:
      ansi-regex "^5.0.1"
  
  strip-json-comments@^3.1.0, strip-json-comments@^3.1.1:
    version "3.1.1"
    resolved "https://registry.npmjs.org/strip-json-comments/-/strip-json-comments-3.1.1.tgz"
    integrity sha512-6fPc+R4ihwqP6N/aIv2f1gMH8lOVtWQHoqC4yK6oSDVVocumAsfCqjkXnqiYMhmMwS/mEHLp7Vehlt3ql6lEig==
  
  supports-color@^5.3.0:
    version "5.5.0"
    resolved "https://registry.npmjs.org/supports-color/-/supports-color-5.5.0.tgz"
    integrity sha512-QjVjwdXIt408MIiAqCX4oUKsgU2EqAGzs2Ppkm4aQYbjm+ZEWEcW4SfFNTr4uMNZma0ey4f5lgLrkB0aX0QMow==
    dependencies:
      has-flag "^3.0.0"
  
  supports-color@^7.1.0:
    version "7.2.0"
    resolved "https://registry.npmjs.org/supports-color/-/supports-color-7.2.0.tgz"
    integrity sha512-qpCAvRl9stuOHveKsn7HncJRvv501qIacKzQlO/+Lwxc9+0q2wLyv4Dfvt80/DPn2pqOBsJdDiogXGR9+OvwRw==
    dependencies:
      has-flag "^4.0.0"
  
  supports-preserve-symlinks-flag@^1.0.0:
    version "1.0.0"
    resolved "https://registry.npmjs.org/supports-preserve-symlinks-flag/-/supports-preserve-symlinks-flag-1.0.0.tgz"
    integrity sha512-ot0WnXS9fgdkgIcePe6RHNk1WA8+muPa6cSjeR3V8K27q9BB1rTE3R1p7Hv0z1ZyAc8s6Vvv8DIyWf681MAt0w==
  
  table@^6.0.9:
    version "6.9.0"
    resolved "https://registry.npmjs.org/table/-/table-6.9.0.tgz"
    integrity sha512-9kY+CygyYM6j02t5YFHbNz2FN5QmYGv9zAjVp4lCDjlCw7amdckXlEt/bjMhUIfj4ThGRE4gCUH5+yGnNuPo5A==
    dependencies:
      ajv "^8.0.1"
      lodash.truncate "^4.4.2"
      slice-ansi "^4.0.0"
      string-width "^4.2.3"
      strip-ansi "^6.0.1"
  
  term-size@^2.2.1:
    version "2.2.1"
    resolved "https://registry.npmjs.org/term-size/-/term-size-2.2.1.tgz"
    integrity sha512-wK0Ri4fOGjv/XPy8SBHZChl8CM7uMc5VML7SqiQ0zG7+J5Vr+RMQDoHa2CNT6KHUnTGIXH34UDMkPzAUyapBZg==
  
  text-table@^0.2.0:
    version "0.2.0"
    resolved "https://registry.npmjs.org/text-table/-/text-table-0.2.0.tgz"
    integrity sha512-N+8UisAXDGk8PFXP4HAzVR9nbfmVJ3zYLAWiTIoqC5v5isinhr+r5uaO8+7r3BMfuNIufIsA7RdpVgacC2cSpw==
  
  three@^0.174.0:
    version "0.174.0"
    resolved "https://registry.yarnpkg.com/three/-/three-0.174.0.tgz#53f46d6fd27515231b2af321f798f1e0ecf3f905"
    integrity sha512-p+WG3W6Ov74alh3geCMkGK9NWuT62ee21cV3jEnun201zodVF4tCE5aZa2U122/mkLRmhJJUQmLLW1BH00uQJQ==
  
  timsort@^0.3.0:
    version "0.3.0"
    resolved "https://registry.npmjs.org/timsort/-/timsort-0.3.0.tgz"
    integrity sha512-qsdtZH+vMoCARQtyod4imc2nIJwg9Cc7lPRrw9CzF8ZKR0khdr8+2nX80PBhET3tcyTtJDxAffGh2rXH4tyU8A==
  
  to-regex-range@^5.0.1:
    version "5.0.1"
    resolved "https://registry.npmjs.org/to-regex-range/-/to-regex-range-5.0.1.tgz"
    integrity sha512-65P7iz6X5yEr1cwcgvQxbbIw7Uk3gOy5dIdtZ4rDveLqhrdJP+Li/Hx6tyK0NEb+2GCyneCMJiGqrADCSNk8sQ==
    dependencies:
      is-number "^7.0.0"
  
  tslib@^2.8.0:
    version "2.8.1"
    resolved "https://registry.npmjs.org/tslib/-/tslib-2.8.1.tgz"
    integrity sha512-oJFu94HQb+KVduSUQL7wnpmqnfmLsOA/nAh6b6EH0wCEoK0/mPeXU6c3wKDV83MkOuHPRHtSXKKU99IBazS/2w==
  
  type-check@^0.4.0, type-check@~0.4.0:
    version "0.4.0"
    resolved "https://registry.npmjs.org/type-check/-/type-check-0.4.0.tgz"
    integrity sha512-XleUoc9uwGXqjWwXaUTZAmzMcFZ5858QA2vvx1Ur5xIcixXIP+8LnFDgRplU30us6teqdlskFfu+ae4K79Ooew==
    dependencies:
      prelude-ls "^1.2.1"
  
  type-fest@^0.20.2:
    version "0.20.2"
    resolved "https://registry.npmjs.org/type-fest/-/type-fest-0.20.2.tgz"
    integrity sha512-Ne+eE4r0/iWnpAxD852z3A+N0Bt5RN//NjJwRd2VFHEmrywxf5vsZlh4R6lixl6B+wz/8d+maTSAkN1FIkI3LQ==
  
  update-browserslist-db@^1.1.1:
    version "1.1.3"
    resolved "https://registry.npmjs.org/update-browserslist-db/-/update-browserslist-db-1.1.3.tgz"
    integrity sha512-UxhIZQ+QInVdunkDAaiazvvT/+fXL5Osr0JZlJulepYu6Jd7qJtDZjlur0emRlT71EN3ScPoE7gvsuIKKNavKw==
    dependencies:
      escalade "^3.2.0"
      picocolors "^1.1.1"
  
  uri-js@^4.2.2:
    version "4.4.1"
    resolved "https://registry.npmjs.org/uri-js/-/uri-js-4.4.1.tgz"
    integrity sha512-7rKUyy33Q1yc98pQ1DAmLtwX109F7TIfWlW1Ydo8Wl1ii1SeHieeh0HHfPeL2fMXK6z0s8ecKs9frCuLJvndBg==
    dependencies:
      punycode "^2.1.0"
  
  utility-types@^3.10.0:
    version "3.11.0"
    resolved "https://registry.npmjs.org/utility-types/-/utility-types-3.11.0.tgz"
    integrity sha512-6Z7Ma2aVEWisaL6TvBCy7P8rm2LQoPv6dJ7ecIaIixHcwfbJ0x7mWdbcwlIM5IGQxPZSFYeqRCqlOOeKoJYMkw==
  
  v8-compile-cache@^2.0.3:
    version "2.4.0"
    resolved "https://registry.npmjs.org/v8-compile-cache/-/v8-compile-cache-2.4.0.tgz"
    integrity sha512-ocyWc3bAHBB/guyqJQVI5o4BZkPhznPYUG2ea80Gond/BgNWpap8TOmLSeeQG7bnh2KMISxskdADG59j7zruhw==
  
  weak-lru-cache@^1.2.2:
    version "1.2.2"
    resolved "https://registry.npmjs.org/weak-lru-cache/-/weak-lru-cache-1.2.2.tgz"
    integrity sha512-DEAoo25RfSYMuTGc9vPJzZcZullwIqRDSI9LOy+fkCJPi6hykCnfKaXTuPBDuXAUcqHXyOgFtHNp/kB2FjYHbw==
  
  which@^2.0.1:
    version "2.0.2"
    resolved "https://registry.npmjs.org/which/-/which-2.0.2.tgz"
    integrity sha512-BLI3Tl1TW3Pvl70l3yq3Y64i+awpwXqsGBYWkkqMtnbXgrMD+yj7rhW0kuEDxzJaYXGjEW5ogapKNMEKNMjibA==
    dependencies:
      isexe "^2.0.0"
  
  word-wrap@^1.2.5:
    version "1.2.5"
    resolved "https://registry.npmjs.org/word-wrap/-/word-wrap-1.2.5.tgz"
    integrity sha512-BN22B5eaMMI9UMtjrGd5g5eCYPpCPDUy0FJXbYsaT5zYxjFOckS53SQDE3pWkVoWpHXVb3BrYcEN4Twa55B5cA==
  
  wrappy@1:
    version "1.0.2"
    resolved "https://registry.npmjs.org/wrappy/-/wrappy-1.0.2.tgz"
    integrity sha512-l4Sp/DRseor9wL6EvV2+TuQn63dMkPjZ/sp9XkghTEbV9KlPS1xUsZ3u7/IQO4wxtcFB4bgpQPRcR3QCvezPcQ==
